-- Generated by Craft v2.4.2688 on 24 Feb 2016 00:50:26.

--
-- Disable foreign key checks and autocommit.
--

SET FOREIGN_KEY_CHECKS = 0;
SET SQL_MODE = "NO_AUTO_VALUE_ON_ZERO";
SET AUTOCOMMIT = 0;
SET NAMES utf8;


DROP TABLE IF EXISTS `craft_assetfiles`;


--
-- Schema for table `craft_assetfiles`
--
CREATE TABLE `craft_assetfiles` (
  `id` int(11) NOT NULL,
  `sourceId` int(11) DEFAULT NULL,
  `folderId` int(11) NOT NULL,
  `filename` varchar(255) COLLATE utf8_unicode_ci NOT NULL,
  `kind` varchar(50) COLLATE utf8_unicode_ci NOT NULL DEFAULT 'unknown',
  `width` smallint(6) unsigned DEFAULT NULL,
  `height` smallint(6) unsigned DEFAULT NULL,
  `size` int(11) unsigned DEFAULT NULL,
  `dateModified` datetime DEFAULT NULL,
  `dateCreated` datetime NOT NULL,
  `dateUpdated` datetime NOT NULL,
  `uid` char(36) COLLATE utf8_unicode_ci NOT NULL DEFAULT '0',
  PRIMARY KEY (`id`),
  UNIQUE KEY `craft_assetfiles_filename_folderId_unq_idx` (`filename`,`folderId`),
  KEY `craft_assetfiles_sourceId_fk` (`sourceId`),
  KEY `craft_assetfiles_folderId_fk` (`folderId`)
) ENGINE=InnoDB DEFAULT CHARSET=utf8 COLLATE=utf8_unicode_ci;

--
-- Data for table `craft_assetfiles`
--

INSERT INTO `craft_assetfiles` (`id`, `sourceId`, `folderId`, `filename`, `kind`, `width`, `height`, `size`, `dateModified`, `dateCreated`, `dateUpdated`, `uid`) VALUES ('11', '1', '1', 'liz-dean.JPG', 'image', '960', '1280', '482155', '2015-09-01 19:43:06', '2015-09-01 19:43:06', '2015-09-01 19:43:06', '381b7566-fef8-4fdb-89ca-b2c5de2f18da');
INSERT INTO `craft_assetfiles` (`id`, `sourceId`, `folderId`, `filename`, `kind`, `width`, `height`, `size`, `dateModified`, `dateCreated`, `dateUpdated`, `uid`) VALUES ('24', '1', '1', 'appleBlueW.png', 'image', '300', '315', '14847', '2015-12-01 19:57:59', '2015-12-01 19:58:00', '2015-12-01 19:58:00', '342ea74e-3c98-4f80-90ab-46188ffa1877');
INSERT INTO `craft_assetfiles` (`id`, `sourceId`, `folderId`, `filename`, `kind`, `width`, `height`, `size`, `dateModified`, `dateCreated`, `dateUpdated`, `uid`) VALUES ('25', '1', '1', 'textboxDots.png', 'image', '313', '297', '8262', '2015-12-01 20:00:03', '2015-12-01 20:00:03', '2015-12-01 20:00:03', 'a40bd8e1-4d05-493b-a4f9-f53cda2e5bdf');
INSERT INTO `craft_assetfiles` (`id`, `sourceId`, `folderId`, `filename`, `kind`, `width`, `height`, `size`, `dateModified`, `dateCreated`, `dateUpdated`, `uid`) VALUES ('27', '1', '1', 'heart.png', 'image', '378', '258', '13600', '2015-12-01 20:01:27', '2015-12-01 20:01:27', '2015-12-01 20:01:27', 'ba3a5414-1048-40e7-802f-67c7ab9dd1e8');
INSERT INTO `craft_assetfiles` (`id`, `sourceId`, `folderId`, `filename`, `kind`, `width`, `height`, `size`, `dateModified`, `dateCreated`, `dateUpdated`, `uid`) VALUES ('29', '1', '1', 'globe.png', 'image', '272', '256', '19250', '2015-12-01 20:03:57', '2015-12-01 20:03:57', '2015-12-01 20:03:57', 'b235f469-4a93-4098-a881-4fd1ab69234a');
INSERT INTO `craft_assetfiles` (`id`, `sourceId`, `folderId`, `filename`, `kind`, `width`, `height`, `size`, `dateModified`, `dateCreated`, `dateUpdated`, `uid`) VALUES ('31', '1', '1', 'appleBlue.png', 'image', '259', '285', '14649', '2015-12-09 00:30:57', '2015-12-09 00:30:57', '2015-12-09 00:30:57', 'dad272bd-6ed7-4501-bd6d-9f4d4f0bdfaf');



DROP TABLE IF EXISTS `craft_assetfolders`;


--
-- Schema for table `craft_assetfolders`
--
CREATE TABLE `craft_assetfolders` (
  `id` int(11) NOT NULL AUTO_INCREMENT,
  `parentId` int(11) DEFAULT NULL,
  `sourceId` int(11) DEFAULT NULL,
  `name` varchar(255) COLLATE utf8_unicode_ci NOT NULL,
  `path` varchar(255) COLLATE utf8_unicode_ci DEFAULT NULL,
  `dateCreated` datetime NOT NULL,
  `dateUpdated` datetime NOT NULL,
  `uid` char(36) COLLATE utf8_unicode_ci NOT NULL DEFAULT '0',
  PRIMARY KEY (`id`),
  UNIQUE KEY `craft_assetfolders_name_parentId_sourceId_unq_idx` (`name`,`parentId`,`sourceId`),
  KEY `craft_assetfolders_parentId_fk` (`parentId`),
  KEY `craft_assetfolders_sourceId_fk` (`sourceId`)
) ENGINE=InnoDB AUTO_INCREMENT=2 DEFAULT CHARSET=utf8 COLLATE=utf8_unicode_ci;

--
-- Data for table `craft_assetfolders`
--

INSERT INTO `craft_assetfolders` (`id`, `parentId`, `sourceId`, `name`, `path`, `dateCreated`, `dateUpdated`, `uid`) VALUES ('1', NULL, '1', 'Images', '', '2015-09-01 19:40:53', '2015-09-01 19:40:53', '84dd67ac-4c38-4e76-8fe9-fc580506f8ce');



DROP TABLE IF EXISTS `craft_assetindexdata`;


--
-- Schema for table `craft_assetindexdata`
--
CREATE TABLE `craft_assetindexdata` (
  `id` int(11) NOT NULL AUTO_INCREMENT,
  `sessionId` varchar(36) COLLATE utf8_unicode_ci NOT NULL DEFAULT '',
  `sourceId` int(10) NOT NULL,
  `offset` int(10) NOT NULL,
  `uri` varchar(255) COLLATE utf8_unicode_ci DEFAULT NULL,
  `size` int(10) DEFAULT NULL,
  `recordId` int(10) DEFAULT NULL,
  `dateCreated` datetime NOT NULL,
  `dateUpdated` datetime NOT NULL,
  `uid` char(36) COLLATE utf8_unicode_ci NOT NULL DEFAULT '0',
  PRIMARY KEY (`id`),
  UNIQUE KEY `craft_assetindexdata_sessionId_sourceId_offset_unq_idx` (`sessionId`,`sourceId`,`offset`),
  KEY `craft_assetindexdata_sourceId_fk` (`sourceId`)
) ENGINE=InnoDB DEFAULT CHARSET=utf8 COLLATE=utf8_unicode_ci;

DROP TABLE IF EXISTS `craft_assetsources`;


--
-- Schema for table `craft_assetsources`
--
CREATE TABLE `craft_assetsources` (
  `id` int(11) NOT NULL AUTO_INCREMENT,
  `name` varchar(255) COLLATE utf8_unicode_ci NOT NULL,
  `handle` varchar(255) COLLATE utf8_unicode_ci NOT NULL,
  `type` varchar(150) COLLATE utf8_unicode_ci NOT NULL,
  `settings` text COLLATE utf8_unicode_ci,
  `sortOrder` tinyint(4) DEFAULT NULL,
  `fieldLayoutId` int(10) DEFAULT NULL,
  `dateCreated` datetime NOT NULL,
  `dateUpdated` datetime NOT NULL,
  `uid` char(36) COLLATE utf8_unicode_ci NOT NULL DEFAULT '0',
  PRIMARY KEY (`id`),
  UNIQUE KEY `craft_assetsources_name_unq_idx` (`name`),
  UNIQUE KEY `craft_assetsources_handle_unq_idx` (`handle`),
  KEY `craft_assetsources_fieldLayoutId_fk` (`fieldLayoutId`)
) ENGINE=InnoDB AUTO_INCREMENT=2 DEFAULT CHARSET=utf8 COLLATE=utf8_unicode_ci;

--
-- Data for table `craft_assetsources`
--

INSERT INTO `craft_assetsources` (`id`, `name`, `handle`, `type`, `settings`, `sortOrder`, `fieldLayoutId`, `dateCreated`, `dateUpdated`, `uid`) VALUES ('1', 'Images', 'images', 'Local', '{\"path\":\"assets\\/images\\/\",\"url\":\"\\/assets\\/images\\/\"}', '1', '20', '2015-09-01 19:40:53', '2015-09-01 20:02:12', '7d912bf2-41bc-4918-ba7d-262a7d28a54d');



DROP TABLE IF EXISTS `craft_assettransformindex`;


--
-- Schema for table `craft_assettransformindex`
--
CREATE TABLE `craft_assettransformindex` (
  `id` int(11) NOT NULL AUTO_INCREMENT,
  `fileId` int(11) NOT NULL,
  `filename` varchar(255) COLLATE utf8_unicode_ci DEFAULT NULL,
  `format` varchar(255) COLLATE utf8_unicode_ci DEFAULT NULL,
  `location` varchar(255) COLLATE utf8_unicode_ci NOT NULL,
  `sourceId` int(11) DEFAULT NULL,
  `fileExists` tinyint(1) DEFAULT NULL,
  `inProgress` tinyint(1) DEFAULT NULL,
  `dateIndexed` datetime DEFAULT NULL,
  `dateCreated` datetime NOT NULL,
  `dateUpdated` datetime NOT NULL,
  `uid` char(36) COLLATE utf8_unicode_ci NOT NULL DEFAULT '0',
  PRIMARY KEY (`id`),
  KEY `craft_assettransformindex_sourceId_fileId_location_idx` (`sourceId`,`fileId`,`location`)
) ENGINE=InnoDB DEFAULT CHARSET=utf8 COLLATE=utf8_unicode_ci;

DROP TABLE IF EXISTS `craft_assettransforms`;


--
-- Schema for table `craft_assettransforms`
--
CREATE TABLE `craft_assettransforms` (
  `id` int(11) NOT NULL AUTO_INCREMENT,
  `name` varchar(255) COLLATE utf8_unicode_ci NOT NULL,
  `handle` varchar(255) COLLATE utf8_unicode_ci NOT NULL,
  `mode` enum('stretch','fit','crop') COLLATE utf8_unicode_ci NOT NULL DEFAULT 'crop',
  `position` enum('top-left','top-center','top-right','center-left','center-center','center-right','bottom-left','bottom-center','bottom-right') COLLATE utf8_unicode_ci NOT NULL DEFAULT 'center-center',
  `height` int(10) DEFAULT NULL,
  `width` int(10) DEFAULT NULL,
  `format` varchar(255) COLLATE utf8_unicode_ci DEFAULT NULL,
  `quality` int(10) DEFAULT NULL,
  `dimensionChangeTime` datetime DEFAULT NULL,
  `dateCreated` datetime NOT NULL,
  `dateUpdated` datetime NOT NULL,
  `uid` char(36) COLLATE utf8_unicode_ci NOT NULL DEFAULT '0',
  PRIMARY KEY (`id`),
  UNIQUE KEY `craft_assettransforms_name_unq_idx` (`name`),
  UNIQUE KEY `craft_assettransforms_handle_unq_idx` (`handle`)
) ENGINE=InnoDB AUTO_INCREMENT=3 DEFAULT CHARSET=utf8 COLLATE=utf8_unicode_ci;

--
-- Data for table `craft_assettransforms`
--

INSERT INTO `craft_assettransforms` (`id`, `name`, `handle`, `mode`, `position`, `height`, `width`, `format`, `quality`, `dimensionChangeTime`, `dateCreated`, `dateUpdated`, `uid`) VALUES ('1', 'squareHomePage', 'squarehomepage', 'fit', 'center-center', '210', NULL, NULL, '100', '2015-12-09 02:09:23', '2015-12-09 02:09:23', '2015-12-09 02:11:05', '1069171f-1478-4cc0-b5b3-10ce79f4f66f');
INSERT INTO `craft_assettransforms` (`id`, `name`, `handle`, `mode`, `position`, `height`, `width`, `format`, `quality`, `dimensionChangeTime`, `dateCreated`, `dateUpdated`, `uid`) VALUES ('2', 'centerBig', 'centerbig', 'fit', 'center-center', NULL, '570', NULL, '100', '2015-12-13 18:42:34', '2015-12-13 18:42:34', '2015-12-13 18:42:34', 'ec9ba1c4-8d93-4fe2-9e56-434928e6c587');



DROP TABLE IF EXISTS `craft_categories`;


--
-- Schema for table `craft_categories`
--
CREATE TABLE `craft_categories` (
  `id` int(11) NOT NULL,
  `groupId` int(11) NOT NULL,
  `dateCreated` datetime NOT NULL,
  `dateUpdated` datetime NOT NULL,
  `uid` char(36) COLLATE utf8_unicode_ci NOT NULL DEFAULT '0',
  PRIMARY KEY (`id`),
  KEY `craft_categories_groupId_fk` (`groupId`)
) ENGINE=InnoDB DEFAULT CHARSET=utf8 COLLATE=utf8_unicode_ci;

DROP TABLE IF EXISTS `craft_categorygroups`;


--
-- Schema for table `craft_categorygroups`
--
CREATE TABLE `craft_categorygroups` (
  `id` int(11) NOT NULL AUTO_INCREMENT,
  `structureId` int(11) NOT NULL,
  `fieldLayoutId` int(11) DEFAULT NULL,
  `name` varchar(255) COLLATE utf8_unicode_ci NOT NULL,
  `handle` varchar(255) COLLATE utf8_unicode_ci NOT NULL,
  `hasUrls` tinyint(1) unsigned NOT NULL DEFAULT '1',
  `template` varchar(500) COLLATE utf8_unicode_ci DEFAULT NULL,
  `dateCreated` datetime NOT NULL,
  `dateUpdated` datetime NOT NULL,
  `uid` char(36) COLLATE utf8_unicode_ci NOT NULL DEFAULT '0',
  PRIMARY KEY (`id`),
  UNIQUE KEY `craft_categorygroups_name_unq_idx` (`name`),
  UNIQUE KEY `craft_categorygroups_handle_unq_idx` (`handle`),
  KEY `craft_categorygroups_structureId_fk` (`structureId`),
  KEY `craft_categorygroups_fieldLayoutId_fk` (`fieldLayoutId`)
) ENGINE=InnoDB DEFAULT CHARSET=utf8 COLLATE=utf8_unicode_ci;

DROP TABLE IF EXISTS `craft_categorygroups_i18n`;


--
-- Schema for table `craft_categorygroups_i18n`
--
CREATE TABLE `craft_categorygroups_i18n` (
  `id` int(11) NOT NULL AUTO_INCREMENT,
  `groupId` int(11) NOT NULL,
  `locale` char(12) COLLATE utf8_unicode_ci NOT NULL,
  `urlFormat` varchar(255) COLLATE utf8_unicode_ci DEFAULT NULL,
  `nestedUrlFormat` varchar(255) COLLATE utf8_unicode_ci DEFAULT NULL,
  `dateCreated` datetime NOT NULL,
  `dateUpdated` datetime NOT NULL,
  `uid` char(36) COLLATE utf8_unicode_ci NOT NULL DEFAULT '0',
  PRIMARY KEY (`id`),
  UNIQUE KEY `craft_categorygroups_i18n_groupId_locale_unq_idx` (`groupId`,`locale`),
  KEY `craft_categorygroups_i18n_locale_fk` (`locale`)
) ENGINE=InnoDB DEFAULT CHARSET=utf8 COLLATE=utf8_unicode_ci;

DROP TABLE IF EXISTS `craft_content`;


--
-- Schema for table `craft_content`
--
CREATE TABLE `craft_content` (
  `id` int(11) NOT NULL AUTO_INCREMENT,
  `elementId` int(11) NOT NULL,
  `locale` char(12) COLLATE utf8_unicode_ci NOT NULL,
  `title` varchar(255) COLLATE utf8_unicode_ci DEFAULT NULL,
  `field_body` text COLLATE utf8_unicode_ci,
  `field_description` text COLLATE utf8_unicode_ci,
  `dateCreated` datetime NOT NULL,
  `dateUpdated` datetime NOT NULL,
  `uid` char(36) COLLATE utf8_unicode_ci NOT NULL DEFAULT '0',
  PRIMARY KEY (`id`),
  UNIQUE KEY `craft_content_elementId_locale_unq_idx` (`elementId`,`locale`),
  KEY `craft_content_title_idx` (`title`),
  KEY `craft_content_locale_fk` (`locale`)
) ENGINE=InnoDB AUTO_INCREMENT=36 DEFAULT CHARSET=utf8 COLLATE=utf8_unicode_ci;

--
-- Data for table `craft_content`
--

INSERT INTO `craft_content` (`id`, `elementId`, `locale`, `title`, `field_body`, `field_description`, `dateCreated`, `dateUpdated`, `uid`) VALUES ('1', '1', 'en_gb', NULL, NULL, NULL, '2015-06-23 19:12:47', '2015-06-23 19:12:47', '97cdda87-2541-4477-b571-72a609824deb');
INSERT INTO `craft_content` (`id`, `elementId`, `locale`, `title`, `field_body`, `field_description`, `dateCreated`, `dateUpdated`, `uid`) VALUES ('2', '2', 'en_gb', 'Home', '<p>It’s true, this site doesn’t have a whole lot of content yet, but don’t worry. Our web developers have just installed the CMS, and they’re setting things up for the content editors this very moment. Soon Localhost will be an oasis of fresh perspectives, sharp analyses, and astute opinions that will keep you coming back again and again.\r\n</p>', NULL, '2015-06-23 19:12:51', '2016-02-23 20:29:57', 'c6de47f7-c2a5-4753-b2d2-139487f8d0a7');
INSERT INTO `craft_content` (`id`, `elementId`, `locale`, `title`, `field_body`, `field_description`, `dateCreated`, `dateUpdated`, `uid`) VALUES ('7', '7', 'en_gb', 'Relationships', NULL, NULL, '2015-09-01 18:47:45', '2015-09-01 18:47:45', '7ce35652-fbcb-4955-848e-eafedcc5de1e');
INSERT INTO `craft_content` (`id`, `elementId`, `locale`, `title`, `field_body`, `field_description`, `dateCreated`, `dateUpdated`, `uid`) VALUES ('8', '8', 'en_gb', 'PSHE', NULL, NULL, '2015-09-01 18:48:40', '2015-09-01 18:48:40', '8c6056b4-2e31-47d2-bccb-3abfe4ace44c');
INSERT INTO `craft_content` (`id`, `elementId`, `locale`, `title`, `field_body`, `field_description`, `dateCreated`, `dateUpdated`, `uid`) VALUES ('9', '9', 'en_gb', 'Health', NULL, NULL, '2015-09-01 18:48:58', '2015-09-01 18:48:58', 'd6797b37-4395-4653-b929-e400d4da4b06');
INSERT INTO `craft_content` (`id`, `elementId`, `locale`, `title`, `field_body`, `field_description`, `dateCreated`, `dateUpdated`, `uid`) VALUES ('10', '10', 'en_gb', 'Communication', NULL, NULL, '2015-09-01 18:53:36', '2015-09-01 18:53:36', '30f2e9bd-c044-4425-85e1-2c98696f31ce');
INSERT INTO `craft_content` (`id`, `elementId`, `locale`, `title`, `field_body`, `field_description`, `dateCreated`, `dateUpdated`, `uid`) VALUES ('11', '11', 'en_gb', 'liz-dean', NULL, NULL, '2015-09-01 19:43:06', '2015-09-01 19:43:06', '7b80691f-0f0e-4feb-8d69-3199bd4340c9');
INSERT INTO `craft_content` (`id`, `elementId`, `locale`, `title`, `field_body`, `field_description`, `dateCreated`, `dateUpdated`, `uid`) VALUES ('20', '24', 'en_gb', 'appleBlueW', NULL, NULL, '2015-12-01 19:57:59', '2015-12-01 19:57:59', 'a93c5c0e-e7cf-4350-87e2-3d3256513c50');
INSERT INTO `craft_content` (`id`, `elementId`, `locale`, `title`, `field_body`, `field_description`, `dateCreated`, `dateUpdated`, `uid`) VALUES ('21', '25', 'en_gb', 'textboxDots', NULL, NULL, '2015-12-01 20:00:03', '2015-12-01 20:00:03', 'e544dbf5-d375-4c4a-b8e5-57a3e8a621cd');
INSERT INTO `craft_content` (`id`, `elementId`, `locale`, `title`, `field_body`, `field_description`, `dateCreated`, `dateUpdated`, `uid`) VALUES ('22', '27', 'en_gb', 'heart', NULL, NULL, '2015-12-01 20:01:27', '2015-12-01 20:01:27', '0a501eaa-8f99-4697-b6fe-106e464fe979');
INSERT INTO `craft_content` (`id`, `elementId`, `locale`, `title`, `field_body`, `field_description`, `dateCreated`, `dateUpdated`, `uid`) VALUES ('23', '29', 'en_gb', 'globe', NULL, NULL, '2015-12-01 20:03:57', '2015-12-01 20:03:57', '2f0b62dc-a70b-4980-a90b-3bfa9fb38bd0');
INSERT INTO `craft_content` (`id`, `elementId`, `locale`, `title`, `field_body`, `field_description`, `dateCreated`, `dateUpdated`, `uid`) VALUES ('24', '31', 'en_gb', 'appleBlue', NULL, NULL, '2015-12-09 00:30:57', '2015-12-09 00:30:57', 'd1112273-35de-4f48-8585-b1872b473934');
INSERT INTO `craft_content` (`id`, `elementId`, `locale`, `title`, `field_body`, `field_description`, `dateCreated`, `dateUpdated`, `uid`) VALUES ('25', '32', 'en_gb', 'Relationships', NULL, NULL, '2015-12-09 02:22:51', '2015-12-09 02:22:51', '2120e8be-cf69-4fc4-812c-8e9bf59e5975');
INSERT INTO `craft_content` (`id`, `elementId`, `locale`, `title`, `field_body`, `field_description`, `dateCreated`, `dateUpdated`, `uid`) VALUES ('26', '33', 'en_gb', 'Communication', NULL, NULL, '2015-12-09 02:22:59', '2015-12-09 02:22:59', 'e2c6598f-c3bc-4184-bb56-501803b20814');
INSERT INTO `craft_content` (`id`, `elementId`, `locale`, `title`, `field_body`, `field_description`, `dateCreated`, `dateUpdated`, `uid`) VALUES ('27', '34', 'en_gb', 'Health', NULL, NULL, '2015-12-09 02:23:05', '2015-12-09 02:23:05', '83a985ec-1eb3-4eeb-9472-02793153f8d1');
INSERT INTO `craft_content` (`id`, `elementId`, `locale`, `title`, `field_body`, `field_description`, `dateCreated`, `dateUpdated`, `uid`) VALUES ('28', '35', 'en_gb', 'PSHE', NULL, NULL, '2015-12-09 02:23:12', '2015-12-09 02:23:12', '54a13459-1331-4a40-a75c-14f8716725c2');
INSERT INTO `craft_content` (`id`, `elementId`, `locale`, `title`, `field_body`, `field_description`, `dateCreated`, `dateUpdated`, `uid`) VALUES ('29', '36', 'en_gb', 'about', NULL, NULL, '2015-12-09 02:23:20', '2015-12-09 02:23:20', 'b5630759-2614-42e5-a025-56fd8e19358d');
INSERT INTO `craft_content` (`id`, `elementId`, `locale`, `title`, `field_body`, `field_description`, `dateCreated`, `dateUpdated`, `uid`) VALUES ('31', '38', 'en_gb', 'Contact', '<p>INSERT CONTACT FORM</p>', '', '2015-12-13 01:53:26', '2015-12-15 20:12:23', '9d548311-4e8d-4688-955c-9818142b5062');
INSERT INTO `craft_content` (`id`, `elementId`, `locale`, `title`, `field_body`, `field_description`, `dateCreated`, `dateUpdated`, `uid`) VALUES ('35', '42', 'en_gb', 'Liz', '<p>body</p>', 'About Me', '2015-12-13 18:43:50', '2016-02-16 20:23:29', '5f6f6859-045f-464b-883a-f66f91625017');



DROP TABLE IF EXISTS `craft_deprecationerrors`;


--
-- Schema for table `craft_deprecationerrors`
--
CREATE TABLE `craft_deprecationerrors` (
  `id` int(11) NOT NULL AUTO_INCREMENT,
  `key` varchar(255) COLLATE utf8_unicode_ci NOT NULL,
  `fingerprint` varchar(255) COLLATE utf8_unicode_ci NOT NULL,
  `lastOccurrence` datetime NOT NULL,
  `file` varchar(255) COLLATE utf8_unicode_ci NOT NULL,
  `line` smallint(6) unsigned NOT NULL,
  `class` varchar(255) COLLATE utf8_unicode_ci DEFAULT NULL,
  `method` varchar(255) COLLATE utf8_unicode_ci DEFAULT NULL,
  `template` varchar(255) COLLATE utf8_unicode_ci DEFAULT NULL,
  `templateLine` smallint(6) unsigned DEFAULT NULL,
  `message` varchar(255) COLLATE utf8_unicode_ci DEFAULT NULL,
  `traces` text COLLATE utf8_unicode_ci,
  `dateCreated` datetime NOT NULL,
  `dateUpdated` datetime NOT NULL,
  `uid` char(36) COLLATE utf8_unicode_ci NOT NULL DEFAULT '0',
  PRIMARY KEY (`id`),
  UNIQUE KEY `craft_deprecationerrors_key_fingerprint_unq_idx` (`key`,`fingerprint`)
) ENGINE=InnoDB DEFAULT CHARSET=utf8 COLLATE=utf8_unicode_ci;

DROP TABLE IF EXISTS `craft_elements`;


--
-- Schema for table `craft_elements`
--
CREATE TABLE `craft_elements` (
  `id` int(11) NOT NULL AUTO_INCREMENT,
  `type` varchar(150) COLLATE utf8_unicode_ci NOT NULL,
  `enabled` tinyint(1) unsigned NOT NULL DEFAULT '1',
  `archived` tinyint(1) unsigned NOT NULL DEFAULT '0',
  `dateCreated` datetime NOT NULL,
  `dateUpdated` datetime NOT NULL,
  `uid` char(36) COLLATE utf8_unicode_ci NOT NULL DEFAULT '0',
  PRIMARY KEY (`id`),
  KEY `craft_elements_type_idx` (`type`),
  KEY `craft_elements_enabled_idx` (`enabled`),
  KEY `craft_elements_archived_dateCreated_idx` (`archived`,`dateCreated`)
) ENGINE=InnoDB AUTO_INCREMENT=53 DEFAULT CHARSET=utf8 COLLATE=utf8_unicode_ci;

--
-- Data for table `craft_elements`
--

INSERT INTO `craft_elements` (`id`, `type`, `enabled`, `archived`, `dateCreated`, `dateUpdated`, `uid`) VALUES ('1', 'User', '1', '0', '2015-06-23 19:12:47', '2015-06-23 19:12:47', 'a6d3ed7d-d155-4342-9eba-4bbfc7472b80');
INSERT INTO `craft_elements` (`id`, `type`, `enabled`, `archived`, `dateCreated`, `dateUpdated`, `uid`) VALUES ('2', 'Entry', '1', '0', '2015-06-23 19:12:51', '2016-02-23 20:29:57', '14a6a765-a500-4289-bb8d-f105d4f24a81');
INSERT INTO `craft_elements` (`id`, `type`, `enabled`, `archived`, `dateCreated`, `dateUpdated`, `uid`) VALUES ('7', 'Entry', '1', '0', '2015-09-01 18:47:45', '2015-09-01 18:47:45', '2db9dbba-3621-40ca-955a-44835ac5e08d');
INSERT INTO `craft_elements` (`id`, `type`, `enabled`, `archived`, `dateCreated`, `dateUpdated`, `uid`) VALUES ('8', 'Entry', '1', '0', '2015-09-01 18:48:40', '2015-09-01 18:48:40', '2ef8e14e-33b8-4b01-987c-fca175d5d44a');
INSERT INTO `craft_elements` (`id`, `type`, `enabled`, `archived`, `dateCreated`, `dateUpdated`, `uid`) VALUES ('9', 'Entry', '1', '0', '2015-09-01 18:48:58', '2015-09-01 18:48:58', '5349decd-43d5-41f4-843f-e7c90914e608');
INSERT INTO `craft_elements` (`id`, `type`, `enabled`, `archived`, `dateCreated`, `dateUpdated`, `uid`) VALUES ('10', 'Entry', '1', '0', '2015-09-01 18:53:36', '2015-09-01 18:53:36', '907cf580-92fa-431c-8ffb-593960bea030');
INSERT INTO `craft_elements` (`id`, `type`, `enabled`, `archived`, `dateCreated`, `dateUpdated`, `uid`) VALUES ('11', 'Asset', '1', '0', '2015-09-01 19:43:06', '2015-09-01 19:43:06', '7f35ab3d-8029-4b3d-bfe1-a2319dc80847');
INSERT INTO `craft_elements` (`id`, `type`, `enabled`, `archived`, `dateCreated`, `dateUpdated`, `uid`) VALUES ('16', 'MatrixBlock', '1', '0', '2015-09-01 20:05:47', '2016-02-23 20:29:57', 'ef1387bd-d3e8-44bd-9f73-d70849708be2');
INSERT INTO `craft_elements` (`id`, `type`, `enabled`, `archived`, `dateCreated`, `dateUpdated`, `uid`) VALUES ('23', 'MatrixBlock', '1', '0', '2015-12-01 19:47:40', '2016-02-23 20:29:58', 'b29a6aae-70ad-4c73-a5d0-c724fff7f8b5');
INSERT INTO `craft_elements` (`id`, `type`, `enabled`, `archived`, `dateCreated`, `dateUpdated`, `uid`) VALUES ('24', 'Asset', '1', '0', '2015-12-01 19:57:59', '2015-12-01 19:57:59', '2f6be4f0-191f-4d5f-9795-60e66912c0c9');
INSERT INTO `craft_elements` (`id`, `type`, `enabled`, `archived`, `dateCreated`, `dateUpdated`, `uid`) VALUES ('25', 'Asset', '1', '0', '2015-12-01 20:00:03', '2015-12-01 20:00:03', '6d7e1716-df42-46da-9bf5-1f9bd1334f42');
INSERT INTO `craft_elements` (`id`, `type`, `enabled`, `archived`, `dateCreated`, `dateUpdated`, `uid`) VALUES ('26', 'MatrixBlock', '1', '0', '2015-12-01 20:00:40', '2016-02-23 20:29:58', '054f5b61-37dc-4e5f-a01d-5d883784eb35');
INSERT INTO `craft_elements` (`id`, `type`, `enabled`, `archived`, `dateCreated`, `dateUpdated`, `uid`) VALUES ('27', 'Asset', '1', '0', '2015-12-01 20:01:27', '2015-12-01 20:01:27', '755b4c0f-dee7-4b94-af46-1430f67a840e');
INSERT INTO `craft_elements` (`id`, `type`, `enabled`, `archived`, `dateCreated`, `dateUpdated`, `uid`) VALUES ('28', 'MatrixBlock', '1', '0', '2015-12-01 20:01:43', '2016-02-23 20:29:58', 'a429104e-0f51-49cf-9d01-3848193229aa');
INSERT INTO `craft_elements` (`id`, `type`, `enabled`, `archived`, `dateCreated`, `dateUpdated`, `uid`) VALUES ('29', 'Asset', '1', '0', '2015-12-01 20:03:57', '2015-12-01 20:03:57', '6bce3b18-a453-4f7f-9fd3-e66a382eab92');
INSERT INTO `craft_elements` (`id`, `type`, `enabled`, `archived`, `dateCreated`, `dateUpdated`, `uid`) VALUES ('30', 'MatrixBlock', '1', '0', '2015-12-07 01:35:07', '2016-02-23 20:29:57', '2c331bd0-31ad-402a-939d-326985c4d656');
INSERT INTO `craft_elements` (`id`, `type`, `enabled`, `archived`, `dateCreated`, `dateUpdated`, `uid`) VALUES ('31', 'Asset', '1', '0', '2015-12-09 00:30:57', '2015-12-09 00:30:57', '5788a218-933f-4535-858d-82d97c72ab86');
INSERT INTO `craft_elements` (`id`, `type`, `enabled`, `archived`, `dateCreated`, `dateUpdated`, `uid`) VALUES ('32', 'Tag', '1', '0', '2015-12-09 02:22:51', '2015-12-09 02:22:51', '78e8a5ea-cef7-41c0-98a7-a862fa4055ef');
INSERT INTO `craft_elements` (`id`, `type`, `enabled`, `archived`, `dateCreated`, `dateUpdated`, `uid`) VALUES ('33', 'Tag', '1', '0', '2015-12-09 02:22:59', '2015-12-09 02:22:59', '07e76ed5-a75b-4081-ba69-3226b7ae0232');
INSERT INTO `craft_elements` (`id`, `type`, `enabled`, `archived`, `dateCreated`, `dateUpdated`, `uid`) VALUES ('34', 'Tag', '1', '0', '2015-12-09 02:23:05', '2015-12-09 02:23:05', '5d225ca4-19e6-463c-a1a4-03623f035195');
INSERT INTO `craft_elements` (`id`, `type`, `enabled`, `archived`, `dateCreated`, `dateUpdated`, `uid`) VALUES ('35', 'Tag', '1', '0', '2015-12-09 02:23:12', '2015-12-09 02:23:12', 'bc70a5b6-6134-4d6b-ab6b-f4256ce59fa7');
INSERT INTO `craft_elements` (`id`, `type`, `enabled`, `archived`, `dateCreated`, `dateUpdated`, `uid`) VALUES ('36', 'Tag', '1', '0', '2015-12-09 02:23:20', '2015-12-09 02:23:20', 'c5da3f5b-b6d1-4110-ad8b-7d1e270651b0');
INSERT INTO `craft_elements` (`id`, `type`, `enabled`, `archived`, `dateCreated`, `dateUpdated`, `uid`) VALUES ('38', 'Entry', '1', '0', '2015-12-13 01:53:26', '2015-12-15 20:12:23', '0b7c3437-9847-4ca0-85cd-556d0a23b55b');
INSERT INTO `craft_elements` (`id`, `type`, `enabled`, `archived`, `dateCreated`, `dateUpdated`, `uid`) VALUES ('42', 'Entry', '1', '0', '2015-12-13 18:43:50', '2016-02-16 20:23:29', '8e35c819-48d6-4058-8c56-97680521db2c');
INSERT INTO `craft_elements` (`id`, `type`, `enabled`, `archived`, `dateCreated`, `dateUpdated`, `uid`) VALUES ('44', 'MatrixBlock', '1', '0', '2016-02-16 20:10:28', '2016-02-16 20:23:29', '2cbef842-4373-40d0-a873-3caa7f8252c3');
INSERT INTO `craft_elements` (`id`, `type`, `enabled`, `archived`, `dateCreated`, `dateUpdated`, `uid`) VALUES ('45', 'MatrixBlock', '1', '0', '2016-02-16 20:10:28', '2016-02-16 20:23:29', '8a6bfebb-73d8-49ea-9da1-a7aa52749778');
INSERT INTO `craft_elements` (`id`, `type`, `enabled`, `archived`, `dateCreated`, `dateUpdated`, `uid`) VALUES ('46', 'MatrixBlock', '1', '0', '2016-02-16 20:10:28', '2016-02-16 20:23:30', '6314b653-d5a9-4ff1-a42d-1bf6966fe856');
INSERT INTO `craft_elements` (`id`, `type`, `enabled`, `archived`, `dateCreated`, `dateUpdated`, `uid`) VALUES ('47', 'MatrixBlock', '1', '0', '2016-02-16 20:20:40', '2016-02-16 20:23:30', '471d2a5f-ed94-432c-ae07-55f37de1566d');
INSERT INTO `craft_elements` (`id`, `type`, `enabled`, `archived`, `dateCreated`, `dateUpdated`, `uid`) VALUES ('48', 'MatrixBlock', '1', '0', '2016-02-16 20:20:40', '2016-02-16 20:23:30', 'cd9455f9-ba04-4100-8fce-afb15afcf43e');
INSERT INTO `craft_elements` (`id`, `type`, `enabled`, `archived`, `dateCreated`, `dateUpdated`, `uid`) VALUES ('49', 'MatrixBlock', '1', '0', '2016-02-16 20:20:40', '2016-02-16 20:23:30', '27d801bc-bb36-47f2-a491-758d95d1440c');
INSERT INTO `craft_elements` (`id`, `type`, `enabled`, `archived`, `dateCreated`, `dateUpdated`, `uid`) VALUES ('50', 'MatrixBlock', '1', '0', '2016-02-16 20:20:40', '2016-02-16 20:23:30', '090c8731-6e68-468f-a836-45777f017cdf');
INSERT INTO `craft_elements` (`id`, `type`, `enabled`, `archived`, `dateCreated`, `dateUpdated`, `uid`) VALUES ('51', 'MatrixBlock', '1', '0', '2016-02-16 20:20:40', '2016-02-16 20:23:30', '1297a04b-01c6-48e4-a085-ca8302005cb1');
INSERT INTO `craft_elements` (`id`, `type`, `enabled`, `archived`, `dateCreated`, `dateUpdated`, `uid`) VALUES ('52', 'MatrixBlock', '1', '0', '2016-02-16 20:49:26', '2016-02-23 20:29:57', '9305762a-75c5-49bd-ab4c-7ad6466c8bde');



DROP TABLE IF EXISTS `craft_elements_i18n`;


--
-- Schema for table `craft_elements_i18n`
--
CREATE TABLE `craft_elements_i18n` (
  `id` int(11) NOT NULL AUTO_INCREMENT,
  `elementId` int(11) NOT NULL,
  `locale` char(12) COLLATE utf8_unicode_ci NOT NULL,
  `slug` varchar(255) COLLATE utf8_unicode_ci DEFAULT NULL,
  `uri` varchar(255) COLLATE utf8_unicode_ci DEFAULT NULL,
  `enabled` tinyint(1) unsigned NOT NULL DEFAULT '1',
  `dateCreated` datetime NOT NULL,
  `dateUpdated` datetime NOT NULL,
  `uid` char(36) COLLATE utf8_unicode_ci NOT NULL DEFAULT '0',
  PRIMARY KEY (`id`),
  UNIQUE KEY `craft_elements_i18n_elementId_locale_unq_idx` (`elementId`,`locale`),
  UNIQUE KEY `craft_elements_i18n_uri_locale_unq_idx` (`uri`,`locale`),
  KEY `craft_elements_i18n_slug_locale_idx` (`slug`,`locale`),
  KEY `craft_elements_i18n_enabled_idx` (`enabled`),
  KEY `craft_elements_i18n_locale_fk` (`locale`)
) ENGINE=InnoDB AUTO_INCREMENT=53 DEFAULT CHARSET=utf8 COLLATE=utf8_unicode_ci;

--
-- Data for table `craft_elements_i18n`
--

INSERT INTO `craft_elements_i18n` (`id`, `elementId`, `locale`, `slug`, `uri`, `enabled`, `dateCreated`, `dateUpdated`, `uid`) VALUES ('1', '1', 'en_gb', '', NULL, '1', '2015-06-23 19:12:47', '2015-06-23 19:12:47', '663655ee-f810-4c25-b7d7-9a3c9f6c6f6e');
INSERT INTO `craft_elements_i18n` (`id`, `elementId`, `locale`, `slug`, `uri`, `enabled`, `dateCreated`, `dateUpdated`, `uid`) VALUES ('2', '2', 'en_gb', 'homepage', '__home__', '1', '2015-06-23 19:12:51', '2016-02-23 20:29:57', '11ea22fc-2e45-46d9-92b0-e2bd2bab02d1');
INSERT INTO `craft_elements_i18n` (`id`, `elementId`, `locale`, `slug`, `uri`, `enabled`, `dateCreated`, `dateUpdated`, `uid`) VALUES ('7', '7', 'en_gb', 'relationships', 'relationships', '1', '2015-09-01 18:47:45', '2015-09-01 18:47:45', '2dc84809-55b2-4eba-bbf4-fdf00650e2fe');
INSERT INTO `craft_elements_i18n` (`id`, `elementId`, `locale`, `slug`, `uri`, `enabled`, `dateCreated`, `dateUpdated`, `uid`) VALUES ('8', '8', 'en_gb', 'pshe', 'pshe', '1', '2015-09-01 18:48:40', '2015-09-01 18:48:40', '67879a27-9e4a-4aaf-8d2a-ec6f4ba92860');
INSERT INTO `craft_elements_i18n` (`id`, `elementId`, `locale`, `slug`, `uri`, `enabled`, `dateCreated`, `dateUpdated`, `uid`) VALUES ('9', '9', 'en_gb', 'health', 'health', '1', '2015-09-01 18:48:58', '2015-09-01 18:48:58', '7257559c-1c54-4eb2-bf93-17609936365c');
INSERT INTO `craft_elements_i18n` (`id`, `elementId`, `locale`, `slug`, `uri`, `enabled`, `dateCreated`, `dateUpdated`, `uid`) VALUES ('10', '10', 'en_gb', 'communication', 'communication', '1', '2015-09-01 18:53:36', '2015-09-01 18:53:36', '25ac5efc-ddd7-4c22-86e5-18d25ef91553');
INSERT INTO `craft_elements_i18n` (`id`, `elementId`, `locale`, `slug`, `uri`, `enabled`, `dateCreated`, `dateUpdated`, `uid`) VALUES ('11', '11', 'en_gb', 'liz-dean', NULL, '1', '2015-09-01 19:43:06', '2015-09-01 19:43:06', '35633cf5-cd45-40cb-af1e-a6930856e844');
INSERT INTO `craft_elements_i18n` (`id`, `elementId`, `locale`, `slug`, `uri`, `enabled`, `dateCreated`, `dateUpdated`, `uid`) VALUES ('16', '16', 'en_gb', '', NULL, '1', '2015-09-01 20:05:47', '2016-02-23 20:29:58', '1f9884a8-1b6c-48cc-a857-b9c3d8a35d34');
INSERT INTO `craft_elements_i18n` (`id`, `elementId`, `locale`, `slug`, `uri`, `enabled`, `dateCreated`, `dateUpdated`, `uid`) VALUES ('23', '23', 'en_gb', '', NULL, '1', '2015-12-01 19:47:40', '2016-02-23 20:29:58', 'bb8cefef-3382-4cdb-b977-1d8a12ecbfd2');
INSERT INTO `craft_elements_i18n` (`id`, `elementId`, `locale`, `slug`, `uri`, `enabled`, `dateCreated`, `dateUpdated`, `uid`) VALUES ('24', '24', 'en_gb', 'applebluew', NULL, '1', '2015-12-01 19:58:00', '2015-12-01 19:58:00', 'ff04a436-14b0-409b-94ee-d7c5541b38fe');
INSERT INTO `craft_elements_i18n` (`id`, `elementId`, `locale`, `slug`, `uri`, `enabled`, `dateCreated`, `dateUpdated`, `uid`) VALUES ('25', '25', 'en_gb', 'textboxdots', NULL, '1', '2015-12-01 20:00:03', '2015-12-01 20:00:03', '9f612106-b830-42ed-a29a-b1f704b53d13');
INSERT INTO `craft_elements_i18n` (`id`, `elementId`, `locale`, `slug`, `uri`, `enabled`, `dateCreated`, `dateUpdated`, `uid`) VALUES ('26', '26', 'en_gb', '', NULL, '1', '2015-12-01 20:00:40', '2016-02-23 20:29:58', '67c15422-63a6-4277-ba01-376c6705356b');
INSERT INTO `craft_elements_i18n` (`id`, `elementId`, `locale`, `slug`, `uri`, `enabled`, `dateCreated`, `dateUpdated`, `uid`) VALUES ('27', '27', 'en_gb', 'heart', NULL, '1', '2015-12-01 20:01:27', '2015-12-01 20:01:27', 'fc8ec231-f773-427d-b190-76cf71fdcda5');
INSERT INTO `craft_elements_i18n` (`id`, `elementId`, `locale`, `slug`, `uri`, `enabled`, `dateCreated`, `dateUpdated`, `uid`) VALUES ('28', '28', 'en_gb', '', NULL, '1', '2015-12-01 20:01:43', '2016-02-23 20:29:58', '190b9dc8-9574-413a-9e90-b780ab53016d');
INSERT INTO `craft_elements_i18n` (`id`, `elementId`, `locale`, `slug`, `uri`, `enabled`, `dateCreated`, `dateUpdated`, `uid`) VALUES ('29', '29', 'en_gb', 'globe', NULL, '1', '2015-12-01 20:03:57', '2015-12-01 20:03:57', '3e34f734-2755-4171-aad2-2c952b43cf99');
INSERT INTO `craft_elements_i18n` (`id`, `elementId`, `locale`, `slug`, `uri`, `enabled`, `dateCreated`, `dateUpdated`, `uid`) VALUES ('30', '30', 'en_gb', '', NULL, '1', '2015-12-07 01:35:07', '2016-02-23 20:29:57', 'd4c5eb29-0ae2-43b1-89be-b18de2d79354');
INSERT INTO `craft_elements_i18n` (`id`, `elementId`, `locale`, `slug`, `uri`, `enabled`, `dateCreated`, `dateUpdated`, `uid`) VALUES ('31', '31', 'en_gb', 'appleblue', NULL, '1', '2015-12-09 00:30:57', '2015-12-09 00:30:57', '697e1472-2565-4af4-aec9-31e79bb34bb0');
INSERT INTO `craft_elements_i18n` (`id`, `elementId`, `locale`, `slug`, `uri`, `enabled`, `dateCreated`, `dateUpdated`, `uid`) VALUES ('32', '32', 'en_gb', 'relationships', NULL, '1', '2015-12-09 02:22:51', '2015-12-09 02:22:51', '168c7e28-5c06-4b0d-b8c3-27427de328fa');
INSERT INTO `craft_elements_i18n` (`id`, `elementId`, `locale`, `slug`, `uri`, `enabled`, `dateCreated`, `dateUpdated`, `uid`) VALUES ('33', '33', 'en_gb', 'communication', NULL, '1', '2015-12-09 02:22:59', '2015-12-09 02:22:59', 'ee6c4f82-f018-4042-b6fd-5c0ee8ea2f9d');
INSERT INTO `craft_elements_i18n` (`id`, `elementId`, `locale`, `slug`, `uri`, `enabled`, `dateCreated`, `dateUpdated`, `uid`) VALUES ('34', '34', 'en_gb', 'health', NULL, '1', '2015-12-09 02:23:05', '2015-12-09 02:23:05', 'b92e98c5-20ba-46d6-8d4d-77348e3ba1b5');
INSERT INTO `craft_elements_i18n` (`id`, `elementId`, `locale`, `slug`, `uri`, `enabled`, `dateCreated`, `dateUpdated`, `uid`) VALUES ('35', '35', 'en_gb', 'pshe', NULL, '1', '2015-12-09 02:23:12', '2015-12-09 02:23:12', '568c257c-5689-4f5e-b196-fc98329bf54a');
INSERT INTO `craft_elements_i18n` (`id`, `elementId`, `locale`, `slug`, `uri`, `enabled`, `dateCreated`, `dateUpdated`, `uid`) VALUES ('36', '36', 'en_gb', 'about', NULL, '1', '2015-12-09 02:23:20', '2015-12-09 02:23:20', '2d8bfe0b-3840-4fef-ada0-61c3212b85b5');
INSERT INTO `craft_elements_i18n` (`id`, `elementId`, `locale`, `slug`, `uri`, `enabled`, `dateCreated`, `dateUpdated`, `uid`) VALUES ('38', '38', 'en_gb', 'contact', 'about/contact', '1', '2015-12-13 01:53:27', '2015-12-15 20:12:23', '08729513-7266-47eb-9c04-8adda2116de0');
INSERT INTO `craft_elements_i18n` (`id`, `elementId`, `locale`, `slug`, `uri`, `enabled`, `dateCreated`, `dateUpdated`, `uid`) VALUES ('42', '42', 'en_gb', 'liz', 'about/liz', '1', '2015-12-13 18:43:50', '2016-02-16 20:23:29', 'dd9543bb-63b4-4a26-94ef-d8904bc1fa38');
INSERT INTO `craft_elements_i18n` (`id`, `elementId`, `locale`, `slug`, `uri`, `enabled`, `dateCreated`, `dateUpdated`, `uid`) VALUES ('44', '44', 'en_gb', '', NULL, '1', '2016-02-16 20:10:28', '2016-02-16 20:23:29', '47b8a597-1f4e-44fa-b5df-5482bdab175b');
INSERT INTO `craft_elements_i18n` (`id`, `elementId`, `locale`, `slug`, `uri`, `enabled`, `dateCreated`, `dateUpdated`, `uid`) VALUES ('45', '45', 'en_gb', '', NULL, '1', '2016-02-16 20:10:28', '2016-02-16 20:23:29', '0e800b0e-305f-4ab3-85ae-d368ee78faa3');
INSERT INTO `craft_elements_i18n` (`id`, `elementId`, `locale`, `slug`, `uri`, `enabled`, `dateCreated`, `dateUpdated`, `uid`) VALUES ('46', '46', 'en_gb', '', NULL, '1', '2016-02-16 20:10:28', '2016-02-16 20:23:30', '506f5644-d895-4015-8f99-af3955a9d1f3');
INSERT INTO `craft_elements_i18n` (`id`, `elementId`, `locale`, `slug`, `uri`, `enabled`, `dateCreated`, `dateUpdated`, `uid`) VALUES ('47', '47', 'en_gb', '', NULL, '1', '2016-02-16 20:20:40', '2016-02-16 20:23:30', '6c743c2c-0544-4711-8cf8-eaedbaa31979');
INSERT INTO `craft_elements_i18n` (`id`, `elementId`, `locale`, `slug`, `uri`, `enabled`, `dateCreated`, `dateUpdated`, `uid`) VALUES ('48', '48', 'en_gb', '', NULL, '1', '2016-02-16 20:20:40', '2016-02-16 20:23:30', '02dd5000-1698-4b6e-9947-feb1be19faef');
INSERT INTO `craft_elements_i18n` (`id`, `elementId`, `locale`, `slug`, `uri`, `enabled`, `dateCreated`, `dateUpdated`, `uid`) VALUES ('49', '49', 'en_gb', '', NULL, '1', '2016-02-16 20:20:40', '2016-02-16 20:23:30', '331764e7-777d-4b23-a44d-c39d6fe0a4b7');
INSERT INTO `craft_elements_i18n` (`id`, `elementId`, `locale`, `slug`, `uri`, `enabled`, `dateCreated`, `dateUpdated`, `uid`) VALUES ('50', '50', 'en_gb', '', NULL, '1', '2016-02-16 20:20:40', '2016-02-16 20:23:30', '23b71f11-8073-44f6-bd41-ed176196098f');
INSERT INTO `craft_elements_i18n` (`id`, `elementId`, `locale`, `slug`, `uri`, `enabled`, `dateCreated`, `dateUpdated`, `uid`) VALUES ('51', '51', 'en_gb', '', NULL, '1', '2016-02-16 20:20:40', '2016-02-16 20:23:30', '41df14f0-2103-41e1-ba73-bc3dde79541d');
INSERT INTO `craft_elements_i18n` (`id`, `elementId`, `locale`, `slug`, `uri`, `enabled`, `dateCreated`, `dateUpdated`, `uid`) VALUES ('52', '52', 'en_gb', '', NULL, '1', '2016-02-16 20:49:26', '2016-02-23 20:29:57', '38fe30b4-28a3-4070-85d2-911da0eeba04');



DROP TABLE IF EXISTS `craft_emailmessages`;


--
-- Schema for table `craft_emailmessages`
--
CREATE TABLE `craft_emailmessages` (
  `id` int(11) NOT NULL AUTO_INCREMENT,
  `key` char(150) COLLATE utf8_unicode_ci NOT NULL,
  `locale` char(12) COLLATE utf8_unicode_ci NOT NULL,
  `subject` varchar(1000) COLLATE utf8_unicode_ci NOT NULL,
  `body` text COLLATE utf8_unicode_ci NOT NULL,
  `dateCreated` datetime NOT NULL,
  `dateUpdated` datetime NOT NULL,
  `uid` char(36) COLLATE utf8_unicode_ci NOT NULL DEFAULT '0',
  PRIMARY KEY (`id`),
  UNIQUE KEY `craft_emailmessages_key_locale_unq_idx` (`key`,`locale`),
  KEY `craft_emailmessages_locale_fk` (`locale`)
) ENGINE=InnoDB DEFAULT CHARSET=utf8 COLLATE=utf8_unicode_ci;

DROP TABLE IF EXISTS `craft_entries`;


--
-- Schema for table `craft_entries`
--
CREATE TABLE `craft_entries` (
  `id` int(11) NOT NULL,
  `sectionId` int(11) NOT NULL,
  `typeId` int(11) DEFAULT NULL,
  `authorId` int(11) DEFAULT NULL,
  `postDate` datetime DEFAULT NULL,
  `expiryDate` datetime DEFAULT NULL,
  `dateCreated` datetime NOT NULL,
  `dateUpdated` datetime NOT NULL,
  `uid` char(36) COLLATE utf8_unicode_ci NOT NULL DEFAULT '0',
  PRIMARY KEY (`id`),
  KEY `craft_entries_sectionId_idx` (`sectionId`),
  KEY `craft_entries_typeId_idx` (`typeId`),
  KEY `craft_entries_postDate_idx` (`postDate`),
  KEY `craft_entries_expiryDate_idx` (`expiryDate`),
  KEY `craft_entries_authorId_fk` (`authorId`)
) ENGINE=InnoDB DEFAULT CHARSET=utf8 COLLATE=utf8_unicode_ci;

--
-- Data for table `craft_entries`
--

INSERT INTO `craft_entries` (`id`, `sectionId`, `typeId`, `authorId`, `postDate`, `expiryDate`, `dateCreated`, `dateUpdated`, `uid`) VALUES ('2', '1', NULL, NULL, '2015-06-23 19:12:51', NULL, '2015-06-23 19:12:51', '2016-02-23 20:29:58', '2f2a64c7-3f63-4ee1-9e12-bd6d6e9d2f2a');
INSERT INTO `craft_entries` (`id`, `sectionId`, `typeId`, `authorId`, `postDate`, `expiryDate`, `dateCreated`, `dateUpdated`, `uid`) VALUES ('7', '4', NULL, NULL, '2015-09-01 18:47:45', NULL, '2015-09-01 18:47:45', '2015-09-01 18:47:45', 'd64db5a3-6203-43a7-84cf-41787e85c26f');
INSERT INTO `craft_entries` (`id`, `sectionId`, `typeId`, `authorId`, `postDate`, `expiryDate`, `dateCreated`, `dateUpdated`, `uid`) VALUES ('8', '5', NULL, NULL, '2015-09-01 18:48:40', NULL, '2015-09-01 18:48:40', '2015-09-01 18:48:40', '058fd419-3da9-4cfb-8cae-b933cfee9530');
INSERT INTO `craft_entries` (`id`, `sectionId`, `typeId`, `authorId`, `postDate`, `expiryDate`, `dateCreated`, `dateUpdated`, `uid`) VALUES ('9', '6', NULL, NULL, '2015-09-01 18:48:58', NULL, '2015-09-01 18:48:58', '2015-09-01 18:48:58', '41d9c6c2-a98a-4796-b409-325ef51a30f9');
INSERT INTO `craft_entries` (`id`, `sectionId`, `typeId`, `authorId`, `postDate`, `expiryDate`, `dateCreated`, `dateUpdated`, `uid`) VALUES ('10', '7', NULL, NULL, '2015-09-01 18:53:36', NULL, '2015-09-01 18:53:37', '2015-09-01 18:53:37', 'd6bd7278-bbe6-47bf-9b68-ce02f56d6e3b');
INSERT INTO `craft_entries` (`id`, `sectionId`, `typeId`, `authorId`, `postDate`, `expiryDate`, `dateCreated`, `dateUpdated`, `uid`) VALUES ('38', '2', '2', '1', '2015-12-13 01:53:00', NULL, '2015-12-13 01:53:27', '2015-12-15 20:09:24', 'ad6a4ac3-4ec2-4c46-9523-b921453a0036');
INSERT INTO `craft_entries` (`id`, `sectionId`, `typeId`, `authorId`, `postDate`, `expiryDate`, `dateCreated`, `dateUpdated`, `uid`) VALUES ('42', '2', '2', '1', '2015-12-13 18:43:00', NULL, '2015-12-13 18:43:51', '2016-02-16 20:23:30', 'eaeb4314-0ff6-48d7-ad8e-3c45a3e41065');



DROP TABLE IF EXISTS `craft_entrydrafts`;


--
-- Schema for table `craft_entrydrafts`
--
CREATE TABLE `craft_entrydrafts` (
  `id` int(11) NOT NULL AUTO_INCREMENT,
  `entryId` int(11) NOT NULL,
  `sectionId` int(11) NOT NULL,
  `creatorId` int(11) NOT NULL,
  `locale` char(12) COLLATE utf8_unicode_ci NOT NULL,
  `name` varchar(255) COLLATE utf8_unicode_ci NOT NULL,
  `notes` tinytext COLLATE utf8_unicode_ci,
  `data` mediumtext COLLATE utf8_unicode_ci NOT NULL,
  `dateCreated` datetime NOT NULL,
  `dateUpdated` datetime NOT NULL,
  `uid` char(36) COLLATE utf8_unicode_ci NOT NULL DEFAULT '0',
  PRIMARY KEY (`id`),
  KEY `craft_entrydrafts_entryId_locale_idx` (`entryId`,`locale`),
  KEY `craft_entrydrafts_sectionId_fk` (`sectionId`),
  KEY `craft_entrydrafts_creatorId_fk` (`creatorId`),
  KEY `craft_entrydrafts_locale_fk` (`locale`)
) ENGINE=InnoDB DEFAULT CHARSET=utf8 COLLATE=utf8_unicode_ci;

DROP TABLE IF EXISTS `craft_entrytypes`;


--
-- Schema for table `craft_entrytypes`
--
CREATE TABLE `craft_entrytypes` (
  `id` int(11) NOT NULL AUTO_INCREMENT,
  `sectionId` int(11) NOT NULL,
  `fieldLayoutId` int(11) DEFAULT NULL,
  `name` varchar(255) COLLATE utf8_unicode_ci NOT NULL,
  `handle` varchar(255) COLLATE utf8_unicode_ci NOT NULL,
  `hasTitleField` tinyint(1) unsigned NOT NULL DEFAULT '1',
  `titleLabel` varchar(255) COLLATE utf8_unicode_ci DEFAULT 'Title',
  `titleFormat` varchar(255) COLLATE utf8_unicode_ci DEFAULT NULL,
  `sortOrder` tinyint(4) DEFAULT NULL,
  `dateCreated` datetime NOT NULL,
  `dateUpdated` datetime NOT NULL,
  `uid` char(36) COLLATE utf8_unicode_ci NOT NULL DEFAULT '0',
  PRIMARY KEY (`id`),
  UNIQUE KEY `craft_entrytypes_name_sectionId_unq_idx` (`name`,`sectionId`),
  UNIQUE KEY `craft_entrytypes_handle_sectionId_unq_idx` (`handle`,`sectionId`),
  KEY `craft_entrytypes_sectionId_fk` (`sectionId`),
  KEY `craft_entrytypes_fieldLayoutId_fk` (`fieldLayoutId`)
) ENGINE=InnoDB AUTO_INCREMENT=11 DEFAULT CHARSET=utf8 COLLATE=utf8_unicode_ci;

--
-- Data for table `craft_entrytypes`
--

INSERT INTO `craft_entrytypes` (`id`, `sectionId`, `fieldLayoutId`, `name`, `handle`, `hasTitleField`, `titleLabel`, `titleFormat`, `sortOrder`, `dateCreated`, `dateUpdated`, `uid`) VALUES ('1', '1', '44', 'Homepage', 'homepage', '1', 'Title', NULL, NULL, '2015-06-23 19:12:51', '2016-01-18 15:22:33', 'fb472fa7-34a9-44cd-accb-13f56af09e87');
INSERT INTO `craft_entrytypes` (`id`, `sectionId`, `fieldLayoutId`, `name`, `handle`, `hasTitleField`, `titleLabel`, `titleFormat`, `sortOrder`, `dateCreated`, `dateUpdated`, `uid`) VALUES ('2', '2', '49', 'About', 'about', '1', 'About', NULL, NULL, '2015-06-23 19:12:51', '2016-02-16 20:15:57', '56fe2be8-3b15-478a-b863-1a44c6001d63');
INSERT INTO `craft_entrytypes` (`id`, `sectionId`, `fieldLayoutId`, `name`, `handle`, `hasTitleField`, `titleLabel`, `titleFormat`, `sortOrder`, `dateCreated`, `dateUpdated`, `uid`) VALUES ('4', '4', '8', 'Relationships', 'relationships', '0', NULL, '{section.name|raw}', NULL, '2015-09-01 18:47:45', '2015-09-01 18:47:45', '2ace5c86-5b69-45e1-965e-6021d3fe1b40');
INSERT INTO `craft_entrytypes` (`id`, `sectionId`, `fieldLayoutId`, `name`, `handle`, `hasTitleField`, `titleLabel`, `titleFormat`, `sortOrder`, `dateCreated`, `dateUpdated`, `uid`) VALUES ('5', '5', '9', 'PSHE', 'pshe', '0', NULL, '{section.name|raw}', NULL, '2015-09-01 18:48:40', '2015-09-01 18:48:40', '3ee35367-efd0-4898-afbd-fb5d20fa223f');
INSERT INTO `craft_entrytypes` (`id`, `sectionId`, `fieldLayoutId`, `name`, `handle`, `hasTitleField`, `titleLabel`, `titleFormat`, `sortOrder`, `dateCreated`, `dateUpdated`, `uid`) VALUES ('6', '6', '12', 'Health', 'health', '0', NULL, '{section.name|raw}', NULL, '2015-09-01 18:48:58', '2015-09-01 19:04:36', '485b9301-d7ca-4730-988f-44929bb256d4');
INSERT INTO `craft_entrytypes` (`id`, `sectionId`, `fieldLayoutId`, `name`, `handle`, `hasTitleField`, `titleLabel`, `titleFormat`, `sortOrder`, `dateCreated`, `dateUpdated`, `uid`) VALUES ('7', '7', '11', 'Communication', 'communication', '0', NULL, '{section.name|raw}', NULL, '2015-09-01 18:53:36', '2015-09-01 18:53:36', 'd9ecb7da-27c9-468d-9bce-86ff01ef3a3c');
INSERT INTO `craft_entrytypes` (`id`, `sectionId`, `fieldLayoutId`, `name`, `handle`, `hasTitleField`, `titleLabel`, `titleFormat`, `sortOrder`, `dateCreated`, `dateUpdated`, `uid`) VALUES ('10', '2', '39', 'News', 'news', '1', 'Title', NULL, NULL, '2015-12-15 19:43:53', '2015-12-15 19:43:53', 'ecfc2bab-1bbf-47fb-9af8-93f4f9ec37e9');



DROP TABLE IF EXISTS `craft_entryversions`;


--
-- Schema for table `craft_entryversions`
--
CREATE TABLE `craft_entryversions` (
  `id` int(11) NOT NULL AUTO_INCREMENT,
  `entryId` int(11) NOT NULL,
  `sectionId` int(11) NOT NULL,
  `creatorId` int(11) DEFAULT NULL,
  `locale` char(12) COLLATE utf8_unicode_ci NOT NULL,
  `num` smallint(6) unsigned NOT NULL,
  `notes` tinytext COLLATE utf8_unicode_ci,
  `data` mediumtext COLLATE utf8_unicode_ci NOT NULL,
  `dateCreated` datetime NOT NULL,
  `dateUpdated` datetime NOT NULL,
  `uid` char(36) COLLATE utf8_unicode_ci NOT NULL DEFAULT '0',
  PRIMARY KEY (`id`),
  KEY `craft_entryversions_entryId_locale_idx` (`entryId`,`locale`),
  KEY `craft_entryversions_sectionId_fk` (`sectionId`),
  KEY `craft_entryversions_creatorId_fk` (`creatorId`),
  KEY `craft_entryversions_locale_fk` (`locale`)
) ENGINE=InnoDB DEFAULT CHARSET=utf8 COLLATE=utf8_unicode_ci;

DROP TABLE IF EXISTS `craft_fieldgroups`;


--
-- Schema for table `craft_fieldgroups`
--
CREATE TABLE `craft_fieldgroups` (
  `id` int(11) NOT NULL AUTO_INCREMENT,
  `name` varchar(255) COLLATE utf8_unicode_ci NOT NULL,
  `dateCreated` datetime NOT NULL,
  `dateUpdated` datetime NOT NULL,
  `uid` char(36) COLLATE utf8_unicode_ci NOT NULL DEFAULT '0',
  PRIMARY KEY (`id`),
  UNIQUE KEY `craft_fieldgroups_name_unq_idx` (`name`)
) ENGINE=InnoDB AUTO_INCREMENT=4 DEFAULT CHARSET=utf8 COLLATE=utf8_unicode_ci;

--
-- Data for table `craft_fieldgroups`
--

INSERT INTO `craft_fieldgroups` (`id`, `name`, `dateCreated`, `dateUpdated`, `uid`) VALUES ('1', 'Default', '2015-06-23 19:12:51', '2015-06-23 19:12:51', 'f33b9b43-936b-474d-a2eb-2258c2535fc5');
INSERT INTO `craft_fieldgroups` (`id`, `name`, `dateCreated`, `dateUpdated`, `uid`) VALUES ('2', 'Block', '2015-09-01 19:08:39', '2015-09-01 19:08:39', '912d5fd3-a2d4-46c7-a250-4d52e0311062');
INSERT INTO `craft_fieldgroups` (`id`, `name`, `dateCreated`, `dateUpdated`, `uid`) VALUES ('3', 'Test', '2015-12-08 20:18:33', '2015-12-08 20:18:33', '3ea93eef-9edf-4843-aa9b-86b8e4ea4267');



DROP TABLE IF EXISTS `craft_fieldlayoutfields`;


--
-- Schema for table `craft_fieldlayoutfields`
--
CREATE TABLE `craft_fieldlayoutfields` (
  `id` int(11) NOT NULL AUTO_INCREMENT,
  `layoutId` int(11) NOT NULL,
  `tabId` int(11) NOT NULL,
  `fieldId` int(11) NOT NULL,
  `required` tinyint(1) unsigned NOT NULL DEFAULT '0',
  `sortOrder` tinyint(4) DEFAULT NULL,
  `dateCreated` datetime NOT NULL,
  `dateUpdated` datetime NOT NULL,
  `uid` char(36) COLLATE utf8_unicode_ci NOT NULL DEFAULT '0',
  PRIMARY KEY (`id`),
  UNIQUE KEY `craft_fieldlayoutfields_layoutId_fieldId_unq_idx` (`layoutId`,`fieldId`),
  KEY `craft_fieldlayoutfields_sortOrder_idx` (`sortOrder`),
  KEY `craft_fieldlayoutfields_tabId_fk` (`tabId`),
  KEY `craft_fieldlayoutfields_fieldId_fk` (`fieldId`)
) ENGINE=InnoDB AUTO_INCREMENT=207 DEFAULT CHARSET=utf8 COLLATE=utf8_unicode_ci;

--
-- Data for table `craft_fieldlayoutfields`
--

INSERT INTO `craft_fieldlayoutfields` (`id`, `layoutId`, `tabId`, `fieldId`, `required`, `sortOrder`, `dateCreated`, `dateUpdated`, `uid`) VALUES ('7', '12', '4', '1', '0', '1', '2015-09-01 19:04:36', '2015-09-01 19:04:36', '7fe163c0-2a8a-4d48-a7b2-2e917eacae05');
INSERT INTO `craft_fieldlayoutfields` (`id`, `layoutId`, `tabId`, `fieldId`, `required`, `sortOrder`, `dateCreated`, `dateUpdated`, `uid`) VALUES ('62', '33', '20', '20', '0', '1', '2015-12-14 04:07:14', '2015-12-14 04:07:14', 'e442a8a2-0e78-457e-a64a-d23832015659');
INSERT INTO `craft_fieldlayoutfields` (`id`, `layoutId`, `tabId`, `fieldId`, `required`, `sortOrder`, `dateCreated`, `dateUpdated`, `uid`) VALUES ('63', '33', '20', '21', '0', '2', '2015-12-14 04:07:14', '2015-12-14 04:07:14', '879a9e98-30fc-4f4a-8908-49cf191ff50c');
INSERT INTO `craft_fieldlayoutfields` (`id`, `layoutId`, `tabId`, `fieldId`, `required`, `sortOrder`, `dateCreated`, `dateUpdated`, `uid`) VALUES ('64', '33', '20', '22', '0', '3', '2015-12-14 04:07:14', '2015-12-14 04:07:14', 'f8334197-c48d-4232-ad73-ec99bfc6e150');
INSERT INTO `craft_fieldlayoutfields` (`id`, `layoutId`, `tabId`, `fieldId`, `required`, `sortOrder`, `dateCreated`, `dateUpdated`, `uid`) VALUES ('65', '33', '20', '23', '0', '4', '2015-12-14 04:07:14', '2015-12-14 04:07:14', '08076091-c2e2-48e4-bdda-3ed2cf1b367a');
INSERT INTO `craft_fieldlayoutfields` (`id`, `layoutId`, `tabId`, `fieldId`, `required`, `sortOrder`, `dateCreated`, `dateUpdated`, `uid`) VALUES ('89', '39', '28', '1', '0', '1', '2015-12-15 19:43:53', '2015-12-15 19:43:53', 'bc711b60-c0fd-468d-973b-1a41d499faff');
INSERT INTO `craft_fieldlayoutfields` (`id`, `layoutId`, `tabId`, `fieldId`, `required`, `sortOrder`, `dateCreated`, `dateUpdated`, `uid`) VALUES ('90', '39', '28', '3', '0', '2', '2015-12-15 19:43:53', '2015-12-15 19:43:53', '3cefdc8c-dd0f-47c6-a7ef-9296d908ad38');
INSERT INTO `craft_fieldlayoutfields` (`id`, `layoutId`, `tabId`, `fieldId`, `required`, `sortOrder`, `dateCreated`, `dateUpdated`, `uid`) VALUES ('91', '39', '28', '2', '0', '3', '2015-12-15 19:43:53', '2015-12-15 19:43:53', 'd2d0ebe4-426c-4709-ba85-a64cf7655375');
INSERT INTO `craft_fieldlayoutfields` (`id`, `layoutId`, `tabId`, `fieldId`, `required`, `sortOrder`, `dateCreated`, `dateUpdated`, `uid`) VALUES ('106', '44', '33', '1', '1', '1', '2016-01-18 15:22:33', '2016-01-18 15:22:33', '5f2eb081-feed-4217-857b-409a1c94caed');
INSERT INTO `craft_fieldlayoutfields` (`id`, `layoutId`, `tabId`, `fieldId`, `required`, `sortOrder`, `dateCreated`, `dateUpdated`, `uid`) VALUES ('107', '44', '33', '7', '0', '2', '2016-01-18 15:22:33', '2016-01-18 15:22:33', 'bad9ee69-7299-4d0c-860f-05a6447abad4');
INSERT INTO `craft_fieldlayoutfields` (`id`, `layoutId`, `tabId`, `fieldId`, `required`, `sortOrder`, `dateCreated`, `dateUpdated`, `uid`) VALUES ('125', '49', '38', '7', '0', '1', '2016-02-16 20:15:57', '2016-02-16 20:15:57', '8ffe8ca2-36d7-47a9-a134-942cfaf12095');
INSERT INTO `craft_fieldlayoutfields` (`id`, `layoutId`, `tabId`, `fieldId`, `required`, `sortOrder`, `dateCreated`, `dateUpdated`, `uid`) VALUES ('195', '68', '57', '8', '0', '1', '2016-02-23 20:26:49', '2016-02-23 20:26:49', '09124d5a-a663-4d3e-af37-a9f841983a91');
INSERT INTO `craft_fieldlayoutfields` (`id`, `layoutId`, `tabId`, `fieldId`, `required`, `sortOrder`, `dateCreated`, `dateUpdated`, `uid`) VALUES ('196', '68', '57', '9', '0', '2', '2016-02-23 20:26:49', '2016-02-23 20:26:49', '9c24b73f-648f-4160-89b3-181ceb04fe05');
INSERT INTO `craft_fieldlayoutfields` (`id`, `layoutId`, `tabId`, `fieldId`, `required`, `sortOrder`, `dateCreated`, `dateUpdated`, `uid`) VALUES ('197', '68', '57', '10', '0', '3', '2016-02-23 20:26:49', '2016-02-23 20:26:49', '9a00ba93-12f3-4575-8116-fc67a262d61a');
INSERT INTO `craft_fieldlayoutfields` (`id`, `layoutId`, `tabId`, `fieldId`, `required`, `sortOrder`, `dateCreated`, `dateUpdated`, `uid`) VALUES ('198', '68', '57', '11', '0', '4', '2016-02-23 20:26:49', '2016-02-23 20:26:49', '2a8a26b7-f7c6-4bfe-8cc6-77ba165a8d50');
INSERT INTO `craft_fieldlayoutfields` (`id`, `layoutId`, `tabId`, `fieldId`, `required`, `sortOrder`, `dateCreated`, `dateUpdated`, `uid`) VALUES ('199', '68', '57', '16', '0', '5', '2016-02-23 20:26:49', '2016-02-23 20:26:49', 'd1526c43-cc97-4cae-840a-45b41a57b1a2');
INSERT INTO `craft_fieldlayoutfields` (`id`, `layoutId`, `tabId`, `fieldId`, `required`, `sortOrder`, `dateCreated`, `dateUpdated`, `uid`) VALUES ('200', '68', '57', '27', '0', '6', '2016-02-23 20:26:49', '2016-02-23 20:26:49', '7fdd1e4f-b32e-4151-b2dc-0aa4337b2b72');
INSERT INTO `craft_fieldlayoutfields` (`id`, `layoutId`, `tabId`, `fieldId`, `required`, `sortOrder`, `dateCreated`, `dateUpdated`, `uid`) VALUES ('201', '69', '58', '12', '0', '1', '2016-02-23 20:26:49', '2016-02-23 20:26:49', 'bb8b3495-3cad-4592-8078-c80e434659c3');
INSERT INTO `craft_fieldlayoutfields` (`id`, `layoutId`, `tabId`, `fieldId`, `required`, `sortOrder`, `dateCreated`, `dateUpdated`, `uid`) VALUES ('202', '69', '58', '13', '0', '2', '2016-02-23 20:26:49', '2016-02-23 20:26:49', '39e5bbc4-11c0-4d41-b8db-fd4e720e0399');
INSERT INTO `craft_fieldlayoutfields` (`id`, `layoutId`, `tabId`, `fieldId`, `required`, `sortOrder`, `dateCreated`, `dateUpdated`, `uid`) VALUES ('203', '69', '58', '14', '0', '3', '2016-02-23 20:26:49', '2016-02-23 20:26:49', 'beb81116-8f68-4a31-9540-c81b55eca198');
INSERT INTO `craft_fieldlayoutfields` (`id`, `layoutId`, `tabId`, `fieldId`, `required`, `sortOrder`, `dateCreated`, `dateUpdated`, `uid`) VALUES ('204', '69', '58', '15', '0', '4', '2016-02-23 20:26:49', '2016-02-23 20:26:49', '8dff39e1-8e61-44b5-9c59-54a3c9d7144b');
INSERT INTO `craft_fieldlayoutfields` (`id`, `layoutId`, `tabId`, `fieldId`, `required`, `sortOrder`, `dateCreated`, `dateUpdated`, `uid`) VALUES ('205', '69', '58', '17', '0', '5', '2016-02-23 20:26:49', '2016-02-23 20:26:49', '05737827-669c-43dc-8d21-dc8fa77d382d');
INSERT INTO `craft_fieldlayoutfields` (`id`, `layoutId`, `tabId`, `fieldId`, `required`, `sortOrder`, `dateCreated`, `dateUpdated`, `uid`) VALUES ('206', '70', '59', '26', '0', '1', '2016-02-23 20:26:49', '2016-02-23 20:26:49', 'ef0d4d98-c0b0-48d0-bcdd-30e4e720137e');



DROP TABLE IF EXISTS `craft_fieldlayouts`;


--
-- Schema for table `craft_fieldlayouts`
--
CREATE TABLE `craft_fieldlayouts` (
  `id` int(11) NOT NULL AUTO_INCREMENT,
  `type` varchar(150) COLLATE utf8_unicode_ci NOT NULL,
  `dateCreated` datetime NOT NULL,
  `dateUpdated` datetime NOT NULL,
  `uid` char(36) COLLATE utf8_unicode_ci NOT NULL DEFAULT '0',
  PRIMARY KEY (`id`),
  KEY `craft_fieldlayouts_type_idx` (`type`)
) ENGINE=InnoDB AUTO_INCREMENT=71 DEFAULT CHARSET=utf8 COLLATE=utf8_unicode_ci;

--
-- Data for table `craft_fieldlayouts`
--

INSERT INTO `craft_fieldlayouts` (`id`, `type`, `dateCreated`, `dateUpdated`, `uid`) VALUES ('1', 'Tag', '2015-06-23 19:12:51', '2015-06-23 19:12:51', 'ac9c7b44-35e0-4bb8-8403-e087fdd6048f');
INSERT INTO `craft_fieldlayouts` (`id`, `type`, `dateCreated`, `dateUpdated`, `uid`) VALUES ('6', 'Entry', '2015-06-23 19:17:48', '2015-06-23 19:17:48', 'b3312e6d-23ad-4b12-a431-c9413620055a');
INSERT INTO `craft_fieldlayouts` (`id`, `type`, `dateCreated`, `dateUpdated`, `uid`) VALUES ('8', 'Entry', '2015-09-01 18:47:44', '2015-09-01 18:47:44', 'ef1d7410-bc94-4b09-bc52-94a57a0ccec9');
INSERT INTO `craft_fieldlayouts` (`id`, `type`, `dateCreated`, `dateUpdated`, `uid`) VALUES ('9', 'Entry', '2015-09-01 18:48:40', '2015-09-01 18:48:40', 'fc66cabb-0797-47c3-a5a0-912f5923fb6d');
INSERT INTO `craft_fieldlayouts` (`id`, `type`, `dateCreated`, `dateUpdated`, `uid`) VALUES ('11', 'Entry', '2015-09-01 18:53:36', '2015-09-01 18:53:36', 'bcdcc53b-8197-4871-b2bc-7f2641cfedd2');
INSERT INTO `craft_fieldlayouts` (`id`, `type`, `dateCreated`, `dateUpdated`, `uid`) VALUES ('12', 'Entry', '2015-09-01 19:04:36', '2015-09-01 19:04:36', '65f43eff-8d0e-431f-b5f5-9553f8bbb2f9');
INSERT INTO `craft_fieldlayouts` (`id`, `type`, `dateCreated`, `dateUpdated`, `uid`) VALUES ('20', 'Asset', '2015-09-01 20:02:12', '2015-09-01 20:02:12', '91431426-11ec-45db-b83d-6666cb065966');
INSERT INTO `craft_fieldlayouts` (`id`, `type`, `dateCreated`, `dateUpdated`, `uid`) VALUES ('33', 'MatrixBlock', '2015-12-14 04:07:14', '2015-12-14 04:07:14', '77bdfe7b-233c-4fb0-985c-908027ba4231');
INSERT INTO `craft_fieldlayouts` (`id`, `type`, `dateCreated`, `dateUpdated`, `uid`) VALUES ('39', 'Entry', '2015-12-15 19:43:53', '2015-12-15 19:43:53', 'f56b703f-d424-4127-8b61-5c67cc05e086');
INSERT INTO `craft_fieldlayouts` (`id`, `type`, `dateCreated`, `dateUpdated`, `uid`) VALUES ('44', 'Entry', '2016-01-18 15:22:33', '2016-01-18 15:22:33', '27038843-e382-48c7-b470-d63d6db233fa');
INSERT INTO `craft_fieldlayouts` (`id`, `type`, `dateCreated`, `dateUpdated`, `uid`) VALUES ('49', 'Entry', '2016-02-16 20:15:57', '2016-02-16 20:15:57', 'ac22a47b-45c5-4a41-84e9-37b11d2f0782');
INSERT INTO `craft_fieldlayouts` (`id`, `type`, `dateCreated`, `dateUpdated`, `uid`) VALUES ('68', 'MatrixBlock', '2016-02-23 20:26:49', '2016-02-23 20:26:49', '6698d3d0-90ed-4e51-bbaa-3ffb48312c20');
INSERT INTO `craft_fieldlayouts` (`id`, `type`, `dateCreated`, `dateUpdated`, `uid`) VALUES ('69', 'MatrixBlock', '2016-02-23 20:26:49', '2016-02-23 20:26:49', '90c6bb64-45cd-45b9-9dae-6316a87fe5a0');
INSERT INTO `craft_fieldlayouts` (`id`, `type`, `dateCreated`, `dateUpdated`, `uid`) VALUES ('70', 'MatrixBlock', '2016-02-23 20:26:49', '2016-02-23 20:26:49', 'f8a672c1-74d1-45b3-a3d4-ccc1ee848e19');



DROP TABLE IF EXISTS `craft_fieldlayouttabs`;


--
-- Schema for table `craft_fieldlayouttabs`
--
CREATE TABLE `craft_fieldlayouttabs` (
  `id` int(11) NOT NULL AUTO_INCREMENT,
  `layoutId` int(11) NOT NULL,
  `name` varchar(255) COLLATE utf8_unicode_ci NOT NULL,
  `sortOrder` tinyint(4) DEFAULT NULL,
  `dateCreated` datetime NOT NULL,
  `dateUpdated` datetime NOT NULL,
  `uid` char(36) COLLATE utf8_unicode_ci NOT NULL DEFAULT '0',
  PRIMARY KEY (`id`),
  KEY `craft_fieldlayouttabs_sortOrder_idx` (`sortOrder`),
  KEY `craft_fieldlayouttabs_layoutId_fk` (`layoutId`)
) ENGINE=InnoDB AUTO_INCREMENT=60 DEFAULT CHARSET=utf8 COLLATE=utf8_unicode_ci;

--
-- Data for table `craft_fieldlayouttabs`
--

INSERT INTO `craft_fieldlayouttabs` (`id`, `layoutId`, `name`, `sortOrder`, `dateCreated`, `dateUpdated`, `uid`) VALUES ('4', '12', 'Health', '1', '2015-09-01 19:04:36', '2015-09-01 19:04:36', 'c85abd18-05ac-4286-9fa2-1e93e3f2aa20');
INSERT INTO `craft_fieldlayouttabs` (`id`, `layoutId`, `name`, `sortOrder`, `dateCreated`, `dateUpdated`, `uid`) VALUES ('20', '33', 'Content', '1', '2015-12-14 04:07:14', '2015-12-14 04:07:14', 'd57e61c5-c0fb-4392-8705-58d5a5223b47');
INSERT INTO `craft_fieldlayouttabs` (`id`, `layoutId`, `name`, `sortOrder`, `dateCreated`, `dateUpdated`, `uid`) VALUES ('28', '39', 'Default', '1', '2015-12-15 19:43:53', '2015-12-15 19:43:53', '2a7e7cc6-d355-4638-9d29-a757bfc84691');
INSERT INTO `craft_fieldlayouttabs` (`id`, `layoutId`, `name`, `sortOrder`, `dateCreated`, `dateUpdated`, `uid`) VALUES ('33', '44', 'Content', '1', '2016-01-18 15:22:33', '2016-01-18 15:22:33', 'fb1b5208-372f-42f0-a6e4-2b992f223ae8');
INSERT INTO `craft_fieldlayouttabs` (`id`, `layoutId`, `name`, `sortOrder`, `dateCreated`, `dateUpdated`, `uid`) VALUES ('38', '49', 'Channel', '1', '2016-02-16 20:15:57', '2016-02-16 20:15:57', 'ccb28009-a4a0-4977-9a6d-063b87561855');
INSERT INTO `craft_fieldlayouttabs` (`id`, `layoutId`, `name`, `sortOrder`, `dateCreated`, `dateUpdated`, `uid`) VALUES ('57', '68', 'Content', '1', '2016-02-23 20:26:49', '2016-02-23 20:26:49', '58591a02-1634-4343-807c-c310ac489ef0');
INSERT INTO `craft_fieldlayouttabs` (`id`, `layoutId`, `name`, `sortOrder`, `dateCreated`, `dateUpdated`, `uid`) VALUES ('58', '69', 'Content', '1', '2016-02-23 20:26:49', '2016-02-23 20:26:49', 'abe770f5-485b-4ffe-8c2d-a741166aca9a');
INSERT INTO `craft_fieldlayouttabs` (`id`, `layoutId`, `name`, `sortOrder`, `dateCreated`, `dateUpdated`, `uid`) VALUES ('59', '70', 'Content', '1', '2016-02-23 20:26:49', '2016-02-23 20:26:49', 'adb235d0-c7f9-49f1-afd5-07a3e6f0e6b3');



DROP TABLE IF EXISTS `craft_fields`;


--
-- Schema for table `craft_fields`
--
CREATE TABLE `craft_fields` (
  `id` int(11) NOT NULL AUTO_INCREMENT,
  `groupId` int(11) DEFAULT NULL,
  `name` varchar(255) COLLATE utf8_unicode_ci NOT NULL,
  `handle` varchar(58) COLLATE utf8_unicode_ci NOT NULL,
  `context` varchar(255) COLLATE utf8_unicode_ci NOT NULL DEFAULT 'global',
  `instructions` text COLLATE utf8_unicode_ci,
  `translatable` tinyint(1) unsigned NOT NULL DEFAULT '0',
  `type` varchar(150) COLLATE utf8_unicode_ci NOT NULL,
  `settings` text COLLATE utf8_unicode_ci,
  `dateCreated` datetime NOT NULL,
  `dateUpdated` datetime NOT NULL,
  `uid` char(36) COLLATE utf8_unicode_ci NOT NULL DEFAULT '0',
  PRIMARY KEY (`id`),
  UNIQUE KEY `craft_fields_handle_context_unq_idx` (`handle`,`context`),
  KEY `craft_fields_context_idx` (`context`),
  KEY `craft_fields_groupId_fk` (`groupId`)
) ENGINE=InnoDB AUTO_INCREMENT=28 DEFAULT CHARSET=utf8 COLLATE=utf8_unicode_ci;

--
-- Data for table `craft_fields`
--

INSERT INTO `craft_fields` (`id`, `groupId`, `name`, `handle`, `context`, `instructions`, `translatable`, `type`, `settings`, `dateCreated`, `dateUpdated`, `uid`) VALUES ('1', '1', 'Body', 'body', 'global', NULL, '1', 'RichText', '{\"configFile\":\"Standard.json\",\"columnType\":\"text\"}', '2015-06-23 19:12:51', '2015-06-23 19:12:51', '892ca27c-2bc3-429f-997b-7619f7309e8c');
INSERT INTO `craft_fields` (`id`, `groupId`, `name`, `handle`, `context`, `instructions`, `translatable`, `type`, `settings`, `dateCreated`, `dateUpdated`, `uid`) VALUES ('2', '1', 'Tags', 'tags', 'global', NULL, '0', 'Tags', '{\"source\":\"taggroup:1\"}', '2015-06-23 19:12:51', '2015-06-23 19:12:51', '89d701f4-84f1-4cbd-8831-02aa9c88b444');
INSERT INTO `craft_fields` (`id`, `groupId`, `name`, `handle`, `context`, `instructions`, `translatable`, `type`, `settings`, `dateCreated`, `dateUpdated`, `uid`) VALUES ('3', '1', 'Description', 'description', 'global', 'Enter description here', '0', 'PlainText', '{\"placeholder\":\"\",\"maxLength\":\"\",\"multiline\":\"\",\"initialRows\":\"4\"}', '2015-06-23 19:44:19', '2015-06-23 19:47:57', '7c8c9fc2-d099-42db-9f6d-d2bb00bcdf16');
INSERT INTO `craft_fields` (`id`, `groupId`, `name`, `handle`, `context`, `instructions`, `translatable`, `type`, `settings`, `dateCreated`, `dateUpdated`, `uid`) VALUES ('7', '2', 'My Block', 'myBlock', 'global', '', '0', 'Matrix', '{\"maxBlocks\":null}', '2015-09-01 19:25:54', '2016-02-23 20:26:49', '629a42ce-e404-4ebf-a2ed-6cc7c98bdb7a');
INSERT INTO `craft_fields` (`id`, `groupId`, `name`, `handle`, `context`, `instructions`, `translatable`, `type`, `settings`, `dateCreated`, `dateUpdated`, `uid`) VALUES ('8', NULL, 'My Block Image', 'myBlockImage', 'matrixBlockType:1', '', '0', 'Assets', '{\"useSingleFolder\":\"\",\"sources\":\"*\",\"defaultUploadLocationSource\":\"1\",\"defaultUploadLocationSubpath\":\"\",\"singleUploadLocationSource\":\"1\",\"singleUploadLocationSubpath\":\"\\/assets\\/images\\/uploads\",\"restrictFiles\":\"\",\"limit\":\"\",\"selectionLabel\":\"Add an image\"}', '2015-09-01 19:25:54', '2016-02-23 20:26:49', 'c8e5d94a-48a3-46ef-8af1-66c8d581d778');
INSERT INTO `craft_fields` (`id`, `groupId`, `name`, `handle`, `context`, `instructions`, `translatable`, `type`, `settings`, `dateCreated`, `dateUpdated`, `uid`) VALUES ('9', NULL, 'My Block Description', 'myBlockDescription', 'matrixBlockType:1', '', '0', 'PlainText', '{\"placeholder\":\"\",\"maxLength\":\"\",\"multiline\":\"\",\"initialRows\":\"4\"}', '2015-09-01 19:25:54', '2016-02-23 20:26:49', '928ade3b-3669-4b41-9981-14b92c16deb7');
INSERT INTO `craft_fields` (`id`, `groupId`, `name`, `handle`, `context`, `instructions`, `translatable`, `type`, `settings`, `dateCreated`, `dateUpdated`, `uid`) VALUES ('10', NULL, 'My Block url', 'myBlockUrl', 'matrixBlockType:1', 'Weblink', '0', 'PlainText', '{\"placeholder\":\"\",\"maxLength\":\"\",\"multiline\":\"\",\"initialRows\":\"4\"}', '2015-09-01 19:25:54', '2016-02-23 20:26:49', '1e757852-09df-4a67-91bb-7c3a457ddc4c');
INSERT INTO `craft_fields` (`id`, `groupId`, `name`, `handle`, `context`, `instructions`, `translatable`, `type`, `settings`, `dateCreated`, `dateUpdated`, `uid`) VALUES ('11', NULL, 'My Block Summary', 'myBlockSummary', 'matrixBlockType:1', 'Summary of website section', '0', 'RichText', '{\"configFile\":\"\",\"cleanupHtml\":\"1\",\"purifyHtml\":\"\",\"columnType\":\"text\"}', '2015-12-01 20:16:37', '2016-02-23 20:26:49', '24a4ae44-ece5-463a-bbac-692f7f071909');
INSERT INTO `craft_fields` (`id`, `groupId`, `name`, `handle`, `context`, `instructions`, `translatable`, `type`, `settings`, `dateCreated`, `dateUpdated`, `uid`) VALUES ('12', NULL, 'My Block Image', 'myBlockImage', 'matrixBlockType:2', '', '0', 'Assets', '{\"useSingleFolder\":\"\",\"sources\":\"*\",\"defaultUploadLocationSource\":\"1\",\"defaultUploadLocationSubpath\":\"\",\"singleUploadLocationSource\":\"1\",\"singleUploadLocationSubpath\":\"\",\"restrictFiles\":\"\",\"limit\":\"\",\"selectionLabel\":\"Add an asset\"}', '2015-12-07 01:32:44', '2016-02-23 20:26:49', '2d1ff000-a3ef-4d44-83ae-da37f3ab23f0');
INSERT INTO `craft_fields` (`id`, `groupId`, `name`, `handle`, `context`, `instructions`, `translatable`, `type`, `settings`, `dateCreated`, `dateUpdated`, `uid`) VALUES ('13', NULL, 'My Block Description', 'myBlockDescription', 'matrixBlockType:2', '', '0', 'PlainText', '{\"placeholder\":\"\",\"maxLength\":\"\",\"multiline\":\"\",\"initialRows\":\"4\"}', '2015-12-07 01:32:44', '2016-02-23 20:26:49', '67cd15fb-edee-41eb-9cb6-3909c2352814');
INSERT INTO `craft_fields` (`id`, `groupId`, `name`, `handle`, `context`, `instructions`, `translatable`, `type`, `settings`, `dateCreated`, `dateUpdated`, `uid`) VALUES ('14', NULL, 'My Block url', 'myBlockUrl', 'matrixBlockType:2', 'Weblink', '0', 'PlainText', '{\"placeholder\":\"\",\"maxLength\":\"\",\"multiline\":\"\",\"initialRows\":\"4\"}', '2015-12-07 01:32:44', '2016-02-23 20:26:49', '6b65a582-479a-4002-9433-37cacdcaf236');
INSERT INTO `craft_fields` (`id`, `groupId`, `name`, `handle`, `context`, `instructions`, `translatable`, `type`, `settings`, `dateCreated`, `dateUpdated`, `uid`) VALUES ('15', NULL, 'My Block Summary', 'myBlockSummary', 'matrixBlockType:2', '', '0', 'RichText', '{\"configFile\":\"\",\"cleanupHtml\":\"1\",\"purifyHtml\":\"\",\"columnType\":\"text\"}', '2015-12-07 01:32:44', '2016-02-23 20:26:49', '4bb41eb4-220c-484b-8889-894fe1ffcf63');
INSERT INTO `craft_fields` (`id`, `groupId`, `name`, `handle`, `context`, `instructions`, `translatable`, `type`, `settings`, `dateCreated`, `dateUpdated`, `uid`) VALUES ('16', NULL, 'tags', 'tags', 'matrixBlockType:1', 'Add any tags', '0', 'Tags', '{\"source\":\"taggroup:1\",\"selectionLabel\":\"Add a tag\"}', '2015-12-09 02:21:32', '2016-02-23 20:26:49', '33f039d8-e4e8-4028-a867-c608139cdb7e');
INSERT INTO `craft_fields` (`id`, `groupId`, `name`, `handle`, `context`, `instructions`, `translatable`, `type`, `settings`, `dateCreated`, `dateUpdated`, `uid`) VALUES ('17', NULL, 'tags', 'tags', 'matrixBlockType:2', 'Add any tags', '0', 'Tags', '{\"source\":\"taggroup:1\",\"selectionLabel\":\"Add a tag\"}', '2015-12-09 02:21:32', '2016-02-23 20:26:49', 'bd8d596e-fc7b-4da8-bb78-a8d2ba40623f');
INSERT INTO `craft_fields` (`id`, `groupId`, `name`, `handle`, `context`, `instructions`, `translatable`, `type`, `settings`, `dateCreated`, `dateUpdated`, `uid`) VALUES ('18', '2', 'tags2', 'tags2', 'global', 'Add any tags', '0', 'Tags', '{\"source\":\"taggroup:1\",\"selectionLabel\":\"Add a tag\"}', '2015-12-09 02:22:05', '2015-12-09 02:22:05', 'b3033a0b-74d6-43d6-be4b-c4071ef29fb6');
INSERT INTO `craft_fields` (`id`, `groupId`, `name`, `handle`, `context`, `instructions`, `translatable`, `type`, `settings`, `dateCreated`, `dateUpdated`, `uid`) VALUES ('19', '2', 'channel', 'channel', 'global', '', '0', 'Matrix', '{\"maxBlocks\":null}', '2015-12-14 04:00:38', '2015-12-14 04:07:14', 'b6f380d9-b8e0-4edc-9ec7-80be99436e59');
INSERT INTO `craft_fields` (`id`, `groupId`, `name`, `handle`, `context`, `instructions`, `translatable`, `type`, `settings`, `dateCreated`, `dateUpdated`, `uid`) VALUES ('20', NULL, 'Description', 'description', 'matrixBlockType:3', '', '0', 'PlainText', '{\"placeholder\":\"\",\"maxLength\":\"\",\"multiline\":\"\",\"initialRows\":\"4\"}', '2015-12-14 04:07:14', '2015-12-14 04:07:14', 'b7422bd0-a041-4d18-9645-4f3a5c90fce5');
INSERT INTO `craft_fields` (`id`, `groupId`, `name`, `handle`, `context`, `instructions`, `translatable`, `type`, `settings`, `dateCreated`, `dateUpdated`, `uid`) VALUES ('21', NULL, 'Image', 'image', 'matrixBlockType:3', '', '0', 'Assets', '{\"useSingleFolder\":\"\",\"sources\":\"*\",\"defaultUploadLocationSource\":\"1\",\"defaultUploadLocationSubpath\":\"\",\"singleUploadLocationSource\":\"1\",\"singleUploadLocationSubpath\":\"\",\"restrictFiles\":\"\",\"limit\":\"\",\"selectionLabel\":\"Add an asset\"}', '2015-12-14 04:07:14', '2015-12-14 04:07:14', '688f9686-26ac-4fad-8097-f56563a2a01d');
INSERT INTO `craft_fields` (`id`, `groupId`, `name`, `handle`, `context`, `instructions`, `translatable`, `type`, `settings`, `dateCreated`, `dateUpdated`, `uid`) VALUES ('22', NULL, 'Body', 'body', 'matrixBlockType:3', '', '0', 'PlainText', '{\"placeholder\":\"\",\"maxLength\":\"\",\"multiline\":\"\",\"initialRows\":\"4\"}', '2015-12-14 04:07:14', '2015-12-14 04:07:14', '7c6050bd-4ed8-4313-88e4-40b3e2d63155');
INSERT INTO `craft_fields` (`id`, `groupId`, `name`, `handle`, `context`, `instructions`, `translatable`, `type`, `settings`, `dateCreated`, `dateUpdated`, `uid`) VALUES ('23', NULL, 'Tags', 'tags', 'matrixBlockType:3', '', '0', 'Tags', '{\"source\":\"taggroup:1\",\"selectionLabel\":\"Add a tag\"}', '2015-12-14 04:07:14', '2015-12-14 04:07:14', 'ead1ca80-9e59-4fed-9336-6110fbeb51ae');
INSERT INTO `craft_fields` (`id`, `groupId`, `name`, `handle`, `context`, `instructions`, `translatable`, `type`, `settings`, `dateCreated`, `dateUpdated`, `uid`) VALUES ('24', '2', 'Image', 'image', 'global', '', '0', 'Assets', '{\"useSingleFolder\":\"\",\"sources\":\"*\",\"defaultUploadLocationSource\":\"1\",\"defaultUploadLocationSubpath\":\"\",\"singleUploadLocationSource\":\"1\",\"singleUploadLocationSubpath\":\"\",\"restrictFiles\":\"\",\"limit\":\"\",\"selectionLabel\":\"Add an asset\"}', '2015-12-14 04:07:49', '2015-12-14 04:07:49', 'dc461963-e3a9-4f65-927d-e626c370b7c3');
INSERT INTO `craft_fields` (`id`, `groupId`, `name`, `handle`, `context`, `instructions`, `translatable`, `type`, `settings`, `dateCreated`, `dateUpdated`, `uid`) VALUES ('26', NULL, 'FooterContent', 'footerContent', 'matrixBlockType:4', '', '0', 'RichText', '{\"configFile\":\"\",\"cleanupHtml\":\"1\",\"purifyHtml\":\"\",\"columnType\":\"text\"}', '2016-01-18 15:20:48', '2016-02-23 20:26:49', '92ac783e-682b-4416-8160-baf3977075d7');
INSERT INTO `craft_fields` (`id`, `groupId`, `name`, `handle`, `context`, `instructions`, `translatable`, `type`, `settings`, `dateCreated`, `dateUpdated`, `uid`) VALUES ('27', NULL, 'color-option', 'coloroption', 'matrixBlockType:1', 'pick color', '0', 'RadioButtons', '{\"options\":[{\"label\":\"\",\"value\":\"\",\"default\":\"\"},{\"label\":\"red\",\"value\":\"red\",\"default\":\"\"},{\"label\":\"blue\",\"value\":\"blue\",\"default\":\"\"}]}', '2016-02-23 19:35:31', '2016-02-23 20:26:49', '8bfcc214-7b45-426a-ab7a-16ca47f82c74');



DROP TABLE IF EXISTS `craft_globalsets`;


--
-- Schema for table `craft_globalsets`
--
CREATE TABLE `craft_globalsets` (
  `id` int(11) NOT NULL,
  `name` varchar(255) COLLATE utf8_unicode_ci NOT NULL,
  `handle` varchar(255) COLLATE utf8_unicode_ci NOT NULL,
  `fieldLayoutId` int(10) DEFAULT NULL,
  `dateCreated` datetime NOT NULL,
  `dateUpdated` datetime NOT NULL,
  `uid` char(36) COLLATE utf8_unicode_ci NOT NULL DEFAULT '0',
  PRIMARY KEY (`id`),
  UNIQUE KEY `craft_globalsets_name_unq_idx` (`name`),
  UNIQUE KEY `craft_globalsets_handle_unq_idx` (`handle`),
  KEY `craft_globalsets_fieldLayoutId_fk` (`fieldLayoutId`)
) ENGINE=InnoDB DEFAULT CHARSET=utf8 COLLATE=utf8_unicode_ci;

DROP TABLE IF EXISTS `craft_info`;


--
-- Schema for table `craft_info`
--
CREATE TABLE `craft_info` (
  `id` int(11) NOT NULL AUTO_INCREMENT,
  `version` varchar(15) COLLATE utf8_unicode_ci NOT NULL,
  `build` int(11) unsigned NOT NULL,
  `schemaVersion` varchar(15) COLLATE utf8_unicode_ci NOT NULL,
  `releaseDate` datetime NOT NULL,
  `edition` tinyint(1) unsigned NOT NULL DEFAULT '0',
  `siteName` varchar(100) COLLATE utf8_unicode_ci NOT NULL,
  `siteUrl` varchar(255) COLLATE utf8_unicode_ci NOT NULL,
  `timezone` varchar(30) COLLATE utf8_unicode_ci DEFAULT NULL,
  `on` tinyint(1) unsigned NOT NULL DEFAULT '0',
  `maintenance` tinyint(1) unsigned NOT NULL DEFAULT '0',
  `track` varchar(40) COLLATE utf8_unicode_ci NOT NULL,
  `dateCreated` datetime NOT NULL,
  `dateUpdated` datetime NOT NULL,
  `uid` char(36) COLLATE utf8_unicode_ci NOT NULL DEFAULT '0',
  PRIMARY KEY (`id`)
) ENGINE=InnoDB AUTO_INCREMENT=2 DEFAULT CHARSET=utf8 COLLATE=utf8_unicode_ci;

--
-- Data for table `craft_info`
--

INSERT INTO `craft_info` (`id`, `version`, `build`, `schemaVersion`, `releaseDate`, `edition`, `siteName`, `siteUrl`, `timezone`, `on`, `maintenance`, `track`, `dateCreated`, `dateUpdated`, `uid`) VALUES ('1', '2.4', '2688', '2.4.0', '2015-08-25 00:03:02', '0', 'Liz Dean', 'http://localhost:8888/', 'UTC', '1', '0', 'stable', '2015-06-23 19:12:43', '2015-09-01 19:33:56', '9f6ef3a3-797d-4bce-acf0-b289b675a0b7');



DROP TABLE IF EXISTS `craft_locales`;


--
-- Schema for table `craft_locales`
--
CREATE TABLE `craft_locales` (
  `locale` char(12) COLLATE utf8_unicode_ci NOT NULL,
  `sortOrder` tinyint(4) DEFAULT NULL,
  `dateCreated` datetime NOT NULL,
  `dateUpdated` datetime NOT NULL,
  `uid` char(36) COLLATE utf8_unicode_ci NOT NULL DEFAULT '0',
  PRIMARY KEY (`locale`),
  KEY `craft_locales_sortOrder_idx` (`sortOrder`)
) ENGINE=InnoDB DEFAULT CHARSET=utf8 COLLATE=utf8_unicode_ci;

--
-- Data for table `craft_locales`
--

INSERT INTO `craft_locales` (`locale`, `sortOrder`, `dateCreated`, `dateUpdated`, `uid`) VALUES ('en_gb', '1', '2015-06-23 19:12:43', '2015-06-23 19:12:43', '459a225e-d9f3-4bb5-b277-8a758010cff6');



DROP TABLE IF EXISTS `craft_matrixblocks`;


--
-- Schema for table `craft_matrixblocks`
--
CREATE TABLE `craft_matrixblocks` (
  `id` int(11) NOT NULL,
  `ownerId` int(11) NOT NULL,
  `fieldId` int(11) NOT NULL,
  `typeId` int(11) DEFAULT NULL,
  `sortOrder` tinyint(4) DEFAULT NULL,
  `ownerLocale` char(12) COLLATE utf8_unicode_ci DEFAULT NULL,
  `dateCreated` datetime NOT NULL,
  `dateUpdated` datetime NOT NULL,
  `uid` char(36) COLLATE utf8_unicode_ci NOT NULL DEFAULT '0',
  PRIMARY KEY (`id`),
  KEY `craft_matrixblocks_ownerId_idx` (`ownerId`),
  KEY `craft_matrixblocks_fieldId_idx` (`fieldId`),
  KEY `craft_matrixblocks_typeId_idx` (`typeId`),
  KEY `craft_matrixblocks_sortOrder_idx` (`sortOrder`),
  KEY `craft_matrixblocks_ownerLocale_fk` (`ownerLocale`)
) ENGINE=InnoDB DEFAULT CHARSET=utf8 COLLATE=utf8_unicode_ci;

--
-- Data for table `craft_matrixblocks`
--

INSERT INTO `craft_matrixblocks` (`id`, `ownerId`, `fieldId`, `typeId`, `sortOrder`, `ownerLocale`, `dateCreated`, `dateUpdated`, `uid`) VALUES ('16', '2', '7', '1', '3', NULL, '2015-09-01 20:05:47', '2016-02-23 20:29:58', 'a318a7e6-c1cc-466a-b228-41b6b4589746');
INSERT INTO `craft_matrixblocks` (`id`, `ownerId`, `fieldId`, `typeId`, `sortOrder`, `ownerLocale`, `dateCreated`, `dateUpdated`, `uid`) VALUES ('23', '2', '7', '1', '4', NULL, '2015-12-01 19:47:40', '2016-02-23 20:29:58', 'dde89868-6e64-4be3-bd6a-34221fa5f6df');
INSERT INTO `craft_matrixblocks` (`id`, `ownerId`, `fieldId`, `typeId`, `sortOrder`, `ownerLocale`, `dateCreated`, `dateUpdated`, `uid`) VALUES ('26', '2', '7', '1', '5', NULL, '2015-12-01 20:00:40', '2016-02-23 20:29:58', '5aac814d-1300-4e96-a20c-53acd8384fee');
INSERT INTO `craft_matrixblocks` (`id`, `ownerId`, `fieldId`, `typeId`, `sortOrder`, `ownerLocale`, `dateCreated`, `dateUpdated`, `uid`) VALUES ('28', '2', '7', '1', '6', NULL, '2015-12-01 20:01:43', '2016-02-23 20:29:58', 'fc034ecb-bb51-4ad7-b287-e7a6848286eb');
INSERT INTO `craft_matrixblocks` (`id`, `ownerId`, `fieldId`, `typeId`, `sortOrder`, `ownerLocale`, `dateCreated`, `dateUpdated`, `uid`) VALUES ('30', '2', '7', '2', '1', NULL, '2015-12-07 01:35:07', '2016-02-23 20:29:57', 'c3413c6d-2f35-4d1c-8c7a-c6fb4c58d0e9');
INSERT INTO `craft_matrixblocks` (`id`, `ownerId`, `fieldId`, `typeId`, `sortOrder`, `ownerLocale`, `dateCreated`, `dateUpdated`, `uid`) VALUES ('44', '42', '7', '1', '1', NULL, '2016-02-16 20:10:28', '2016-02-16 20:23:29', '78b3e14f-4b58-4f66-95f9-245376337463');
INSERT INTO `craft_matrixblocks` (`id`, `ownerId`, `fieldId`, `typeId`, `sortOrder`, `ownerLocale`, `dateCreated`, `dateUpdated`, `uid`) VALUES ('45', '42', '7', '1', '2', NULL, '2016-02-16 20:10:28', '2016-02-16 20:23:29', 'b24934d9-2a86-4980-a122-8d19246bcd6a');
INSERT INTO `craft_matrixblocks` (`id`, `ownerId`, `fieldId`, `typeId`, `sortOrder`, `ownerLocale`, `dateCreated`, `dateUpdated`, `uid`) VALUES ('46', '42', '7', '2', '3', NULL, '2016-02-16 20:10:28', '2016-02-16 20:23:30', '62d89c20-e6d6-4f4e-80e1-eb7dd713b569');
INSERT INTO `craft_matrixblocks` (`id`, `ownerId`, `fieldId`, `typeId`, `sortOrder`, `ownerLocale`, `dateCreated`, `dateUpdated`, `uid`) VALUES ('47', '42', '7', '1', '4', NULL, '2016-02-16 20:20:40', '2016-02-16 20:23:30', '7548793e-2c9c-4805-aba2-9f9087462f0b');
INSERT INTO `craft_matrixblocks` (`id`, `ownerId`, `fieldId`, `typeId`, `sortOrder`, `ownerLocale`, `dateCreated`, `dateUpdated`, `uid`) VALUES ('48', '42', '7', '1', '5', NULL, '2016-02-16 20:20:40', '2016-02-16 20:23:30', '935660df-afcb-4e54-a6b3-59c2b35182ee');
INSERT INTO `craft_matrixblocks` (`id`, `ownerId`, `fieldId`, `typeId`, `sortOrder`, `ownerLocale`, `dateCreated`, `dateUpdated`, `uid`) VALUES ('49', '42', '7', '1', '6', NULL, '2016-02-16 20:20:40', '2016-02-16 20:23:30', 'f4f636fd-f372-49ec-b342-ebc2029fd64f');
INSERT INTO `craft_matrixblocks` (`id`, `ownerId`, `fieldId`, `typeId`, `sortOrder`, `ownerLocale`, `dateCreated`, `dateUpdated`, `uid`) VALUES ('50', '42', '7', '2', '7', NULL, '2016-02-16 20:20:40', '2016-02-16 20:23:30', '5dd18754-be86-4045-9099-767e53a0d59e');
INSERT INTO `craft_matrixblocks` (`id`, `ownerId`, `fieldId`, `typeId`, `sortOrder`, `ownerLocale`, `dateCreated`, `dateUpdated`, `uid`) VALUES ('51', '42', '7', '2', '8', NULL, '2016-02-16 20:20:40', '2016-02-16 20:23:30', 'f9ec570f-fe4b-423d-ade6-d1edfb3c5557');
INSERT INTO `craft_matrixblocks` (`id`, `ownerId`, `fieldId`, `typeId`, `sortOrder`, `ownerLocale`, `dateCreated`, `dateUpdated`, `uid`) VALUES ('52', '2', '7', '2', '2', NULL, '2016-02-16 20:49:26', '2016-02-23 20:29:57', 'ffbeb38a-3533-4e44-acb6-8cd32d181e1f');



DROP TABLE IF EXISTS `craft_matrixblocktypes`;


--
-- Schema for table `craft_matrixblocktypes`
--
CREATE TABLE `craft_matrixblocktypes` (
  `id` int(11) NOT NULL AUTO_INCREMENT,
  `fieldId` int(11) NOT NULL,
  `fieldLayoutId` int(11) DEFAULT NULL,
  `name` varchar(255) COLLATE utf8_unicode_ci NOT NULL,
  `handle` varchar(255) COLLATE utf8_unicode_ci NOT NULL,
  `sortOrder` tinyint(4) DEFAULT NULL,
  `dateCreated` datetime NOT NULL,
  `dateUpdated` datetime NOT NULL,
  `uid` char(36) COLLATE utf8_unicode_ci NOT NULL DEFAULT '0',
  PRIMARY KEY (`id`),
  UNIQUE KEY `craft_matrixblocktypes_name_fieldId_unq_idx` (`name`,`fieldId`),
  UNIQUE KEY `craft_matrixblocktypes_handle_fieldId_unq_idx` (`handle`,`fieldId`),
  KEY `craft_matrixblocktypes_fieldId_fk` (`fieldId`),
  KEY `craft_matrixblocktypes_fieldLayoutId_fk` (`fieldLayoutId`)
) ENGINE=InnoDB AUTO_INCREMENT=5 DEFAULT CHARSET=utf8 COLLATE=utf8_unicode_ci;

--
-- Data for table `craft_matrixblocktypes`
--

INSERT INTO `craft_matrixblocktypes` (`id`, `fieldId`, `fieldLayoutId`, `name`, `handle`, `sortOrder`, `dateCreated`, `dateUpdated`, `uid`) VALUES ('1', '7', '68', 'Multiple Blocks', 'multipleBlocks', '1', '2015-09-01 19:25:54', '2016-02-23 20:26:49', '3ccb7945-1907-4d38-8d15-af9f856a67bd');
INSERT INTO `craft_matrixblocktypes` (`id`, `fieldId`, `fieldLayoutId`, `name`, `handle`, `sortOrder`, `dateCreated`, `dateUpdated`, `uid`) VALUES ('2', '7', '69', 'Single Block', 'singleBlock', '2', '2015-12-07 01:32:44', '2016-02-23 20:26:49', '6b15e166-776b-4ddc-8376-634331543b6a');
INSERT INTO `craft_matrixblocktypes` (`id`, `fieldId`, `fieldLayoutId`, `name`, `handle`, `sortOrder`, `dateCreated`, `dateUpdated`, `uid`) VALUES ('3', '19', '33', 'channel-segment', 'channelSegment', '1', '2015-12-14 04:07:14', '2015-12-14 04:07:14', '6d34dea2-5476-4837-bf35-5e1c56027b0b');
INSERT INTO `craft_matrixblocktypes` (`id`, `fieldId`, `fieldLayoutId`, `name`, `handle`, `sortOrder`, `dateCreated`, `dateUpdated`, `uid`) VALUES ('4', '7', '70', 'Footer', 'footer', '3', '2016-01-18 15:20:48', '2016-02-23 20:26:49', '26150ddd-5332-4ef9-b00c-31dd00215b6b');



DROP TABLE IF EXISTS `craft_matrixcontent_channel`;


--
-- Schema for table `craft_matrixcontent_channel`
--
CREATE TABLE `craft_matrixcontent_channel` (
  `id` int(11) NOT NULL AUTO_INCREMENT,
  `elementId` int(11) NOT NULL,
  `locale` char(12) COLLATE utf8_unicode_ci NOT NULL,
  `field_channelSegment_description` text COLLATE utf8_unicode_ci,
  `field_channelSegment_body` text COLLATE utf8_unicode_ci,
  `dateCreated` datetime NOT NULL,
  `dateUpdated` datetime NOT NULL,
  `uid` char(36) COLLATE utf8_unicode_ci NOT NULL DEFAULT '0',
  PRIMARY KEY (`id`),
  UNIQUE KEY `craft_matrixcontent_channel_elementId_locale_unq_idx` (`elementId`,`locale`),
  KEY `craft_matrixcontent_channel_locale_fk` (`locale`)
) ENGINE=InnoDB DEFAULT CHARSET=utf8 COLLATE=utf8_unicode_ci;

DROP TABLE IF EXISTS `craft_matrixcontent_myblock`;


--
-- Schema for table `craft_matrixcontent_myblock`
--
CREATE TABLE `craft_matrixcontent_myblock` (
  `id` int(11) NOT NULL AUTO_INCREMENT,
  `elementId` int(11) NOT NULL,
  `locale` char(12) COLLATE utf8_unicode_ci NOT NULL,
  `field_multipleBlocks_myBlockDescription` text COLLATE utf8_unicode_ci,
  `field_multipleBlocks_myBlockUrl` text COLLATE utf8_unicode_ci,
  `field_multipleBlocks_myBlockSummary` text COLLATE utf8_unicode_ci,
  `field_singleBlock_myBlockDescription` text COLLATE utf8_unicode_ci,
  `field_singleBlock_myBlockUrl` text COLLATE utf8_unicode_ci,
  `field_singleBlock_myBlockSummary` text COLLATE utf8_unicode_ci,
  `field_footer_footerContent` text COLLATE utf8_unicode_ci,
  `field_multipleBlocks_coloroption` varchar(255) COLLATE utf8_unicode_ci DEFAULT NULL,
  `dateCreated` datetime NOT NULL,
  `dateUpdated` datetime NOT NULL,
  `uid` char(36) COLLATE utf8_unicode_ci NOT NULL DEFAULT '0',
  PRIMARY KEY (`id`),
  UNIQUE KEY `craft_matrixcontent_myblock_elementId_locale_unq_idx` (`elementId`,`locale`),
  KEY `craft_matrixcontent_myblock_locale_idx` (`locale`)
) ENGINE=InnoDB AUTO_INCREMENT=18 DEFAULT CHARSET=utf8 COLLATE=utf8_unicode_ci;

--
-- Data for table `craft_matrixcontent_myblock`
--

INSERT INTO `craft_matrixcontent_myblock` (`id`, `elementId`, `locale`, `field_multipleBlocks_myBlockDescription`, `field_multipleBlocks_myBlockUrl`, `field_multipleBlocks_myBlockSummary`, `field_singleBlock_myBlockDescription`, `field_singleBlock_myBlockUrl`, `field_singleBlock_myBlockSummary`, `field_footer_footerContent`, `field_multipleBlocks_coloroption`, `dateCreated`, `dateUpdated`, `uid`) VALUES ('3', '16', 'en_gb', 'PSHE', 'PSHE', '<p>PSHE blah blah blah globe people holding hands blah etc\r\n</p>', NULL, NULL, NULL, NULL, 'red', '2015-09-01 20:05:47', '2016-02-23 20:29:57', 'fb2ffe34-ed9f-4059-9371-7f7f50424369');
INSERT INTO `craft_matrixcontent_myblock` (`id`, `elementId`, `locale`, `field_multipleBlocks_myBlockDescription`, `field_multipleBlocks_myBlockUrl`, `field_multipleBlocks_myBlockSummary`, `field_singleBlock_myBlockDescription`, `field_singleBlock_myBlockUrl`, `field_singleBlock_myBlockSummary`, `field_footer_footerContent`, `field_multipleBlocks_coloroption`, `dateCreated`, `dateUpdated`, `uid`) VALUES ('4', '23', 'en_gb', 'Health', 'Health', '<p>Eat vegetables!\r\n</p>', NULL, NULL, NULL, NULL, 'blue', '2015-12-01 19:47:40', '2016-02-23 20:29:58', '9e26468b-51ee-4b2b-9e87-14eefeff5118');
INSERT INTO `craft_matrixcontent_myblock` (`id`, `elementId`, `locale`, `field_multipleBlocks_myBlockDescription`, `field_multipleBlocks_myBlockUrl`, `field_multipleBlocks_myBlockSummary`, `field_singleBlock_myBlockDescription`, `field_singleBlock_myBlockUrl`, `field_singleBlock_myBlockSummary`, `field_footer_footerContent`, `field_multipleBlocks_coloroption`, `dateCreated`, `dateUpdated`, `uid`) VALUES ('5', '26', 'en_gb', 'Communication', 'Communication', '<p>Communication is good Lorem ipsum dolor sit amet, consectetur adipiscing elit, sed do eiusmod tempor incididunt ut labore et dolore magna aliqua. Ut enim ad minim veniam, quis nostrud exercitation ullamco laboris nisi ut aliquip ex ea commodo consequat.\r\n</p>', NULL, NULL, NULL, NULL, '', '2015-12-01 20:00:40', '2016-02-23 20:29:58', '6e934f04-7f98-445c-afac-e40b2ec9665e');
INSERT INTO `craft_matrixcontent_myblock` (`id`, `elementId`, `locale`, `field_multipleBlocks_myBlockDescription`, `field_multipleBlocks_myBlockUrl`, `field_multipleBlocks_myBlockSummary`, `field_singleBlock_myBlockDescription`, `field_singleBlock_myBlockUrl`, `field_singleBlock_myBlockSummary`, `field_footer_footerContent`, `field_multipleBlocks_coloroption`, `dateCreated`, `dateUpdated`, `uid`) VALUES ('6', '28', 'en_gb', 'Relationships', 'Relationships', '<p>Relationships ar<strong>e a thing Lorem ipsum dolor sit amet, consectetur adipiscing elit, sed do eiusmod tempor incididunt ut labore et dolore magna aliqua. U</strong>t enim <em>ad minim veniam, quis nostrud exercitation ullamco laboris nisi ut aliquip ex ea commodo consequat.</em>\r\n</p>', NULL, NULL, NULL, NULL, '', '2015-12-01 20:01:43', '2016-02-23 20:29:58', '650d0348-75d7-4190-b2c4-375afb4b3ed9');
INSERT INTO `craft_matrixcontent_myblock` (`id`, `elementId`, `locale`, `field_multipleBlocks_myBlockDescription`, `field_multipleBlocks_myBlockUrl`, `field_multipleBlocks_myBlockSummary`, `field_singleBlock_myBlockDescription`, `field_singleBlock_myBlockUrl`, `field_singleBlock_myBlockSummary`, `field_footer_footerContent`, `field_multipleBlocks_coloroption`, `dateCreated`, `dateUpdated`, `uid`) VALUES ('7', '30', 'en_gb', NULL, NULL, NULL, 'Liz', 'http://www.google.com', '<p>I AM LIZZZZZZZZZZZ 1\r\n</p>', NULL, NULL, '2015-12-07 01:35:07', '2016-02-23 20:29:57', '318dbc6e-a0ff-499d-9f53-47266244c824');
INSERT INTO `craft_matrixcontent_myblock` (`id`, `elementId`, `locale`, `field_multipleBlocks_myBlockDescription`, `field_multipleBlocks_myBlockUrl`, `field_multipleBlocks_myBlockSummary`, `field_singleBlock_myBlockDescription`, `field_singleBlock_myBlockUrl`, `field_singleBlock_myBlockSummary`, `field_footer_footerContent`, `field_multipleBlocks_coloroption`, `dateCreated`, `dateUpdated`, `uid`) VALUES ('9', '44', 'en_gb', 'my block heading', '', '<p>test group block 1</p>', NULL, NULL, NULL, NULL, NULL, '2016-02-16 20:10:28', '2016-02-16 20:23:29', '50dec8cf-0f5d-4e6d-8974-1130bd9576a0');
INSERT INTO `craft_matrixcontent_myblock` (`id`, `elementId`, `locale`, `field_multipleBlocks_myBlockDescription`, `field_multipleBlocks_myBlockUrl`, `field_multipleBlocks_myBlockSummary`, `field_singleBlock_myBlockDescription`, `field_singleBlock_myBlockUrl`, `field_singleBlock_myBlockSummary`, `field_footer_footerContent`, `field_multipleBlocks_coloroption`, `dateCreated`, `dateUpdated`, `uid`) VALUES ('10', '45', 'en_gb', '', '', '<p>test group block 2</p>', NULL, NULL, NULL, NULL, NULL, '2016-02-16 20:10:28', '2016-02-16 20:23:29', 'd8cbdd4f-b2bd-4d66-9e95-58a2c11caa8a');
INSERT INTO `craft_matrixcontent_myblock` (`id`, `elementId`, `locale`, `field_multipleBlocks_myBlockDescription`, `field_multipleBlocks_myBlockUrl`, `field_multipleBlocks_myBlockSummary`, `field_singleBlock_myBlockDescription`, `field_singleBlock_myBlockUrl`, `field_singleBlock_myBlockSummary`, `field_footer_footerContent`, `field_multipleBlocks_coloroption`, `dateCreated`, `dateUpdated`, `uid`) VALUES ('11', '46', 'en_gb', NULL, NULL, NULL, '', '', '<p>Hi! I am liz and I am passionate about the work I do. I am committed \r\nto improving sex and relationships education and young people\'s \r\nentitlement to it. I have worked in the field of sexual health promotion\r\n for 15 years now. I currently work on a freelance basis offering a \r\nvariety of services including planning, delivering and evaluating \r\ntraining courses for professionals in health, social care, education and\r\n youth work; delivering lessons and workshops to young people; \r\nconducting needs assessments and small scale pieces of research. If you \r\nwant to know more about my work then please contact me.</p><p><br></p><p><strong>My background:</strong></p><p>I\r\n worked as a Senior Sexual Health Promotion Practitioner for the NHS in \r\nBrighton & Hove for 12 years. The main areas of my work were: \r\nworkforce development for practitioners, delivering workshops and \r\nseminars, co-ordinating a condom promotion scheme and C-Card scheme, \r\nproducing resources including a \'Risk workbook\' based on Motivational \r\ninterviewing, leading on local sexual health media campaigns, chairing \r\nlocal partnership forums and supporting policy & strategy \r\ndevelopment in the field of teenage pregnancy and sexual health.</p><p>I\r\n have a Masters Degree in Health Promotion from Brighton University \r\nwhere I conducted a piece of qualitative research exploring on the \r\ninfluence of pornography on young men’s sexual health - their attitudes,\r\n sexual development and behavior. My undergraduate degree is a BA (Hons)\r\n in Educational Perspectives from Oxford Brookes University, within this\r\n I conducted a qualitative piece of research critiqing school sex and \r\nrelationships education, this was where my interest began in this field.</p><p>I\r\n have also been working as an associate trainer for the FPA for 6 years \r\ndelivering the course \'Fantasy Vs Reality: The impact and influence of \r\npornography on young people\' to practitioners across England and I am \r\nalso involved in work for the FPA to explore the links between alcohol \r\nand sexual risk taking amongst young people.</p><p><br></p><p><strong>My approach:</strong></p><p>I\r\n take a professional and conscientious approach to my work. I ensure my \r\ndelivery is participatory and inclusive within an informal style. I feel\r\n this work takes an amazing journey of exploring attitudes, beliefs, \r\npersonal self awareness and insight. I believe we always need to ensure \r\nwe look after ourselves and continually self reflect in this demanding \r\narea of work. I love meeting practitioners from a range of disciplines \r\nand from all over the UK, this for me, informs, shapes and inspires my \r\nideas and work ensuring I take a very real and grounded approach.</p><p><strong><strong>Contact me by email</strong> <a href=\"mailto:lizdeanfreelance@yahoo.co.uk\">lizdeanfreelance@yahoo.co.uk</a> or 07980 575353</strong><br></p>', NULL, NULL, '2016-02-16 20:10:28', '2016-02-16 20:23:30', '6017edd1-f42b-4a93-803b-269c2641944c');
INSERT INTO `craft_matrixcontent_myblock` (`id`, `elementId`, `locale`, `field_multipleBlocks_myBlockDescription`, `field_multipleBlocks_myBlockUrl`, `field_multipleBlocks_myBlockSummary`, `field_singleBlock_myBlockDescription`, `field_singleBlock_myBlockUrl`, `field_singleBlock_myBlockSummary`, `field_footer_footerContent`, `field_multipleBlocks_coloroption`, `dateCreated`, `dateUpdated`, `uid`) VALUES ('12', '47', 'en_gb', '', '', '<p>sfdfdsf</p>', NULL, NULL, NULL, NULL, NULL, '2016-02-16 20:20:40', '2016-02-16 20:23:30', '7ab57381-e5cb-432d-a3e5-afbac2161ea7');
INSERT INTO `craft_matrixcontent_myblock` (`id`, `elementId`, `locale`, `field_multipleBlocks_myBlockDescription`, `field_multipleBlocks_myBlockUrl`, `field_multipleBlocks_myBlockSummary`, `field_singleBlock_myBlockDescription`, `field_singleBlock_myBlockUrl`, `field_singleBlock_myBlockSummary`, `field_footer_footerContent`, `field_multipleBlocks_coloroption`, `dateCreated`, `dateUpdated`, `uid`) VALUES ('13', '48', 'en_gb', '', '', '', NULL, NULL, NULL, NULL, NULL, '2016-02-16 20:20:40', '2016-02-16 20:23:30', 'c724fc8d-c19a-4ff2-8176-405aeddc0f6d');
INSERT INTO `craft_matrixcontent_myblock` (`id`, `elementId`, `locale`, `field_multipleBlocks_myBlockDescription`, `field_multipleBlocks_myBlockUrl`, `field_multipleBlocks_myBlockSummary`, `field_singleBlock_myBlockDescription`, `field_singleBlock_myBlockUrl`, `field_singleBlock_myBlockSummary`, `field_footer_footerContent`, `field_multipleBlocks_coloroption`, `dateCreated`, `dateUpdated`, `uid`) VALUES ('14', '49', 'en_gb', '', '', '<p>sfdfdsf sdfdf sdffdsd fdsfdsdfdsf sdf sdfsd fdsf sdf sd fssfdfdsf sdfdf sdffdsd fdsfdsdfdsf sdf sdfsd fdsf sdf sd fssfdfdsf sdfdf sdffdsd fdsfdsdfdsf sdf sdfsd fdsf sdf sd fssfdfdsf sdfdf sdffdsd fdsfdsdfdsf sdf sdfsd fdsf sdf sd fssfdfdsf sdfdf sdffdsd fdsfdsdfdsf sdf sdfsd fdsf sdf sd fssfdfdsf sdfdf sdffdsd fdsfdsdfdsf sdf sdfsd fdsf sdf sd fssfdfdsf sdfdf sdffdsd fdsfdsdfdsf sdf sdfsd fdsf sdf sd fssfdfdsf sdfdf sdffdsd fdsfdsdfdsf sdf sdfsd fdsf sdf sd fssfdfdsf sdfdf sdffdsd fdsfdsdfdsf sdf sdfsd fdsf sdf sd fssfdfdsf sdfdf sdffdsd fdsfdsdfdsf sdf sdfsd fdsf sdf sd fssfdfdsf sdfdf sdffdsd fdsfdsdfdsf sdf sdfsd fdsf sdf sd fssfdfdsf sdfdf sdffdsd fdsfdsdfdsf sdf sdfsd fdsf sdf sd fssfdfdsf sdfdf sdffdsd fdsfdsdfdsf sdf sdfsd fdsf sdf sd fs</p>', NULL, NULL, NULL, NULL, NULL, '2016-02-16 20:20:40', '2016-02-16 20:23:30', '748ac402-473e-45fb-a0a8-167c2db90595');
INSERT INTO `craft_matrixcontent_myblock` (`id`, `elementId`, `locale`, `field_multipleBlocks_myBlockDescription`, `field_multipleBlocks_myBlockUrl`, `field_multipleBlocks_myBlockSummary`, `field_singleBlock_myBlockDescription`, `field_singleBlock_myBlockUrl`, `field_singleBlock_myBlockSummary`, `field_footer_footerContent`, `field_multipleBlocks_coloroption`, `dateCreated`, `dateUpdated`, `uid`) VALUES ('15', '50', 'en_gb', NULL, NULL, NULL, '', '', '<p>sfdfdsf sdfdf sdffdsd fdsfdsdfdsf sdf sdfsd fdsf sdf sd fssfdfdsf sdfdf sdffdsd fdsfdsdfdsf sdf sdfsd fdsf sdf sd fssfdfdsf sdfdf sdffdsd fdsfdsdfdsf sdf sdfsd fdsf sdf sd fssfdfdsf sdfdf sdffdsd fdsfdsdfdsf sdf sdfsd fdsf sdf sd fssfdfdsf sdfdf sdffdsd fdsfdsdfdsf sdf sdfsd fdsf sdf sd fssfdfdsf sdfdf sdffdsd fdsfdsdfdsf sdf sdfsd fdsf sdf sd fssfdfdsf sdfdf sdffdsd fdsfdsdfdsf sdf sdfsd fdsf sdf sd fssfdfdsf sdfdf sdffdsd fdsfdsdfdsf sdf sdfsd fdsf sdf sd fssfdfdsf sdfdf sdffdsd fdsfdsdfdsf sdf sdfsd fdsf sdf sd fssfdfdsf sdfdf sdffdsd fdsfdsdfdsf sdf sdfsd fdsf sdf sd fssfdfdsf sdfdf sdffdsd fdsfdsdfdsf sdf sdfsd fdsf sdf sd fssfdfdsf sdfdf sdffdsd fdsfdsdfdsf sdf sdfsd fdsf sdf sd fs</p>', NULL, NULL, '2016-02-16 20:20:40', '2016-02-16 20:23:30', 'c45e5e0b-eb6c-4a1a-a247-46f42768fc71');
INSERT INTO `craft_matrixcontent_myblock` (`id`, `elementId`, `locale`, `field_multipleBlocks_myBlockDescription`, `field_multipleBlocks_myBlockUrl`, `field_multipleBlocks_myBlockSummary`, `field_singleBlock_myBlockDescription`, `field_singleBlock_myBlockUrl`, `field_singleBlock_myBlockSummary`, `field_footer_footerContent`, `field_multipleBlocks_coloroption`, `dateCreated`, `dateUpdated`, `uid`) VALUES ('16', '51', 'en_gb', NULL, NULL, NULL, '', '', '<p>sfdf ssdgsd g sgd</p>', NULL, NULL, '2016-02-16 20:20:40', '2016-02-16 20:23:30', '04cddf8d-75bd-4443-b59f-901d8ce8b32f');
INSERT INTO `craft_matrixcontent_myblock` (`id`, `elementId`, `locale`, `field_multipleBlocks_myBlockDescription`, `field_multipleBlocks_myBlockUrl`, `field_multipleBlocks_myBlockSummary`, `field_singleBlock_myBlockDescription`, `field_singleBlock_myBlockUrl`, `field_singleBlock_myBlockSummary`, `field_footer_footerContent`, `field_multipleBlocks_coloroption`, `dateCreated`, `dateUpdated`, `uid`) VALUES ('17', '52', 'en_gb', NULL, NULL, NULL, 'Home', '', '<p>SUMMARY CMS, and they’re\r\n setting things up for the content editors this very moment. Soon \r\nLocalhost will be an oasis of fresh perspectives, sharp analyses, and \r\nastute opinions that will keep you coming back again and again.\r\n</p>', NULL, NULL, '2016-02-16 20:49:26', '2016-02-23 20:29:57', 'fd4132d2-242a-4a2a-be18-dd742f6a56a9');



DROP TABLE IF EXISTS `craft_migrations`;


--
-- Schema for table `craft_migrations`
--
CREATE TABLE `craft_migrations` (
  `id` int(11) NOT NULL AUTO_INCREMENT,
  `pluginId` int(11) DEFAULT NULL,
  `version` varchar(255) COLLATE utf8_unicode_ci NOT NULL,
  `applyTime` datetime NOT NULL,
  `dateCreated` datetime NOT NULL,
  `dateUpdated` datetime NOT NULL,
  `uid` char(36) COLLATE utf8_unicode_ci NOT NULL DEFAULT '0',
  PRIMARY KEY (`id`),
  UNIQUE KEY `craft_migrations_version_unq_idx` (`version`),
  KEY `craft_migrations_pluginId_fk` (`pluginId`)
) ENGINE=InnoDB AUTO_INCREMENT=16 DEFAULT CHARSET=utf8 COLLATE=utf8_unicode_ci;

--
-- Data for table `craft_migrations`
--

INSERT INTO `craft_migrations` (`id`, `pluginId`, `version`, `applyTime`, `dateCreated`, `dateUpdated`, `uid`) VALUES ('1', NULL, 'm000000_000000_base', '2015-06-23 19:12:43', '2015-06-23 19:12:43', '2015-06-23 19:12:43', '625664a6-113f-4383-a22e-74212ac18ae0');
INSERT INTO `craft_migrations` (`id`, `pluginId`, `version`, `applyTime`, `dateCreated`, `dateUpdated`, `uid`) VALUES ('2', NULL, 'm140730_000001_add_filename_and_format_to_transformindex', '2015-06-23 19:12:43', '2015-06-23 19:12:43', '2015-06-23 19:12:43', 'd97d7552-aa3b-4c5b-8c6d-8b0c0f1db69b');
INSERT INTO `craft_migrations` (`id`, `pluginId`, `version`, `applyTime`, `dateCreated`, `dateUpdated`, `uid`) VALUES ('3', NULL, 'm140815_000001_add_format_to_transforms', '2015-06-23 19:12:43', '2015-06-23 19:12:43', '2015-06-23 19:12:43', '0ab37585-4296-426a-86f7-8c80f36fbeb8');
INSERT INTO `craft_migrations` (`id`, `pluginId`, `version`, `applyTime`, `dateCreated`, `dateUpdated`, `uid`) VALUES ('4', NULL, 'm140822_000001_allow_more_than_128_items_per_field', '2015-06-23 19:12:43', '2015-06-23 19:12:43', '2015-06-23 19:12:43', '5d5c881d-2a30-4b7e-b780-2d8456292511');
INSERT INTO `craft_migrations` (`id`, `pluginId`, `version`, `applyTime`, `dateCreated`, `dateUpdated`, `uid`) VALUES ('5', NULL, 'm140829_000001_single_title_formats', '2015-06-23 19:12:43', '2015-06-23 19:12:43', '2015-06-23 19:12:43', 'd52a9c2d-afc3-4ec4-ae72-bc7e386da334');
INSERT INTO `craft_migrations` (`id`, `pluginId`, `version`, `applyTime`, `dateCreated`, `dateUpdated`, `uid`) VALUES ('6', NULL, 'm140831_000001_extended_cache_keys', '2015-06-23 19:12:43', '2015-06-23 19:12:43', '2015-06-23 19:12:43', '6ea43f93-b68b-45a3-8154-ad21aa0aa36c');
INSERT INTO `craft_migrations` (`id`, `pluginId`, `version`, `applyTime`, `dateCreated`, `dateUpdated`, `uid`) VALUES ('7', NULL, 'm140922_000001_delete_orphaned_matrix_blocks', '2015-06-23 19:12:43', '2015-06-23 19:12:43', '2015-06-23 19:12:43', 'b9729ca9-bf38-46b3-9351-5c27886bf5fc');
INSERT INTO `craft_migrations` (`id`, `pluginId`, `version`, `applyTime`, `dateCreated`, `dateUpdated`, `uid`) VALUES ('8', NULL, 'm141008_000001_elements_index_tune', '2015-06-23 19:12:43', '2015-06-23 19:12:43', '2015-06-23 19:12:43', '1619b151-7a50-41e3-bfa5-1a1deff09d07');
INSERT INTO `craft_migrations` (`id`, `pluginId`, `version`, `applyTime`, `dateCreated`, `dateUpdated`, `uid`) VALUES ('9', NULL, 'm141009_000001_assets_source_handle', '2015-06-23 19:12:43', '2015-06-23 19:12:43', '2015-06-23 19:12:43', '8cfb90bc-6f74-4d8b-aeb7-058aa7c95cd9');
INSERT INTO `craft_migrations` (`id`, `pluginId`, `version`, `applyTime`, `dateCreated`, `dateUpdated`, `uid`) VALUES ('10', NULL, 'm141024_000001_field_layout_tabs', '2015-06-23 19:12:43', '2015-06-23 19:12:43', '2015-06-23 19:12:43', '331eabe6-1430-4bc1-8df3-ed6e14d28315');
INSERT INTO `craft_migrations` (`id`, `pluginId`, `version`, `applyTime`, `dateCreated`, `dateUpdated`, `uid`) VALUES ('11', NULL, 'm141030_000001_drop_structure_move_permission', '2015-06-23 19:12:43', '2015-06-23 19:12:43', '2015-06-23 19:12:43', '622f3dd2-0d32-4d54-aa52-8f3012129f66');
INSERT INTO `craft_migrations` (`id`, `pluginId`, `version`, `applyTime`, `dateCreated`, `dateUpdated`, `uid`) VALUES ('12', NULL, 'm141103_000001_tag_titles', '2015-06-23 19:12:43', '2015-06-23 19:12:43', '2015-06-23 19:12:43', 'cdd35c75-9cbe-4c20-b7cb-3b4f853532ac');
INSERT INTO `craft_migrations` (`id`, `pluginId`, `version`, `applyTime`, `dateCreated`, `dateUpdated`, `uid`) VALUES ('13', NULL, 'm141109_000001_user_status_shuffle', '2015-06-23 19:12:43', '2015-06-23 19:12:43', '2015-06-23 19:12:43', 'a181ad08-7406-4e2d-a2ed-bf81c07b4172');
INSERT INTO `craft_migrations` (`id`, `pluginId`, `version`, `applyTime`, `dateCreated`, `dateUpdated`, `uid`) VALUES ('14', NULL, 'm141126_000001_user_week_start_day', '2015-06-23 19:12:43', '2015-06-23 19:12:43', '2015-06-23 19:12:43', 'dd951a8b-fd19-4dd1-80b1-2a0dc1d70591');
INSERT INTO `craft_migrations` (`id`, `pluginId`, `version`, `applyTime`, `dateCreated`, `dateUpdated`, `uid`) VALUES ('15', NULL, 'm150210_000001_adjust_user_photo_size', '2015-06-23 19:12:43', '2015-06-23 19:12:43', '2015-06-23 19:12:43', 'aae2da67-bee3-4730-9624-535e505c41d3');



DROP TABLE IF EXISTS `craft_plugins`;


--
-- Schema for table `craft_plugins`
--
CREATE TABLE `craft_plugins` (
  `id` int(11) NOT NULL AUTO_INCREMENT,
  `class` varchar(150) COLLATE utf8_unicode_ci NOT NULL,
  `version` char(15) COLLATE utf8_unicode_ci NOT NULL,
  `enabled` tinyint(1) unsigned NOT NULL DEFAULT '0',
  `settings` text COLLATE utf8_unicode_ci,
  `installDate` datetime NOT NULL,
  `dateCreated` datetime NOT NULL,
  `dateUpdated` datetime NOT NULL,
  `uid` char(36) COLLATE utf8_unicode_ci NOT NULL DEFAULT '0',
  PRIMARY KEY (`id`)
) ENGINE=InnoDB DEFAULT CHARSET=utf8 COLLATE=utf8_unicode_ci;

DROP TABLE IF EXISTS `craft_rackspaceaccess`;


--
-- Schema for table `craft_rackspaceaccess`
--
CREATE TABLE `craft_rackspaceaccess` (
  `id` int(11) NOT NULL AUTO_INCREMENT,
  `connectionKey` varchar(255) COLLATE utf8_unicode_ci NOT NULL,
  `token` varchar(255) COLLATE utf8_unicode_ci NOT NULL,
  `storageUrl` varchar(255) COLLATE utf8_unicode_ci NOT NULL,
  `cdnUrl` varchar(255) COLLATE utf8_unicode_ci NOT NULL,
  `dateCreated` datetime NOT NULL,
  `dateUpdated` datetime NOT NULL,
  `uid` char(36) COLLATE utf8_unicode_ci NOT NULL DEFAULT '0',
  PRIMARY KEY (`id`),
  UNIQUE KEY `craft_rackspaceaccess_connectionKey_unq_idx` (`connectionKey`)
) ENGINE=InnoDB DEFAULT CHARSET=utf8 COLLATE=utf8_unicode_ci;

DROP TABLE IF EXISTS `craft_relations`;


--
-- Schema for table `craft_relations`
--
CREATE TABLE `craft_relations` (
  `id` int(11) NOT NULL AUTO_INCREMENT,
  `fieldId` int(11) NOT NULL,
  `sourceId` int(11) NOT NULL,
  `sourceLocale` char(12) COLLATE utf8_unicode_ci DEFAULT NULL,
  `targetId` int(11) NOT NULL,
  `sortOrder` smallint(6) DEFAULT NULL,
  `dateCreated` datetime NOT NULL,
  `dateUpdated` datetime NOT NULL,
  `uid` char(36) COLLATE utf8_unicode_ci NOT NULL DEFAULT '0',
  PRIMARY KEY (`id`),
  UNIQUE KEY `craft_relations_fieldId_sourceId_sourceLocale_targetId_unq_idx` (`fieldId`,`sourceId`,`sourceLocale`,`targetId`),
  KEY `craft_relations_sourceId_fk` (`sourceId`),
  KEY `craft_relations_sourceLocale_fk` (`sourceLocale`),
  KEY `craft_relations_targetId_fk` (`targetId`)
) ENGINE=InnoDB AUTO_INCREMENT=231 DEFAULT CHARSET=utf8 COLLATE=utf8_unicode_ci;

--
-- Data for table `craft_relations`
--

INSERT INTO `craft_relations` (`id`, `fieldId`, `sourceId`, `sourceLocale`, `targetId`, `sortOrder`, `dateCreated`, `dateUpdated`, `uid`) VALUES ('121', '24', '42', NULL, '11', '1', '2016-02-16 20:13:23', '2016-02-16 20:13:23', 'ab138900-bd15-474f-86e5-825c027c7dda');
INSERT INTO `craft_relations` (`id`, `fieldId`, `sourceId`, `sourceLocale`, `targetId`, `sortOrder`, `dateCreated`, `dateUpdated`, `uid`) VALUES ('133', '8', '44', NULL, '29', '1', '2016-02-16 20:23:29', '2016-02-16 20:23:29', '381beed8-a692-4794-b228-2f01b11406eb');
INSERT INTO `craft_relations` (`id`, `fieldId`, `sourceId`, `sourceLocale`, `targetId`, `sortOrder`, `dateCreated`, `dateUpdated`, `uid`) VALUES ('134', '8', '45', NULL, '27', '1', '2016-02-16 20:23:29', '2016-02-16 20:23:29', '5c14e5ce-2897-492c-89a7-d5a61d8041c8');
INSERT INTO `craft_relations` (`id`, `fieldId`, `sourceId`, `sourceLocale`, `targetId`, `sortOrder`, `dateCreated`, `dateUpdated`, `uid`) VALUES ('135', '12', '46', NULL, '25', '1', '2016-02-16 20:23:30', '2016-02-16 20:23:30', '8541e57a-97c0-473d-b2fa-777b7b110820');
INSERT INTO `craft_relations` (`id`, `fieldId`, `sourceId`, `sourceLocale`, `targetId`, `sortOrder`, `dateCreated`, `dateUpdated`, `uid`) VALUES ('136', '8', '47', NULL, '29', '1', '2016-02-16 20:23:30', '2016-02-16 20:23:30', '840793c8-c89d-4aae-9a87-24ce8513fdfa');
INSERT INTO `craft_relations` (`id`, `fieldId`, `sourceId`, `sourceLocale`, `targetId`, `sortOrder`, `dateCreated`, `dateUpdated`, `uid`) VALUES ('137', '8', '48', NULL, '24', '1', '2016-02-16 20:23:30', '2016-02-16 20:23:30', '805d13b4-c1ae-450f-80b8-b5aa57073f6e');
INSERT INTO `craft_relations` (`id`, `fieldId`, `sourceId`, `sourceLocale`, `targetId`, `sortOrder`, `dateCreated`, `dateUpdated`, `uid`) VALUES ('138', '8', '49', NULL, '27', '1', '2016-02-16 20:23:30', '2016-02-16 20:23:30', '5b0a631a-d876-4572-a5d6-285e1ad042af');
INSERT INTO `craft_relations` (`id`, `fieldId`, `sourceId`, `sourceLocale`, `targetId`, `sortOrder`, `dateCreated`, `dateUpdated`, `uid`) VALUES ('139', '12', '50', NULL, '11', '1', '2016-02-16 20:23:30', '2016-02-16 20:23:30', '745b4f8f-6fa0-4f06-817c-ed492364e76b');
INSERT INTO `craft_relations` (`id`, `fieldId`, `sourceId`, `sourceLocale`, `targetId`, `sortOrder`, `dateCreated`, `dateUpdated`, `uid`) VALUES ('140', '12', '51', NULL, '11', '1', '2016-02-16 20:23:30', '2016-02-16 20:23:30', 'ff430453-e32b-4e39-8772-7c03c758e51b');
INSERT INTO `craft_relations` (`id`, `fieldId`, `sourceId`, `sourceLocale`, `targetId`, `sortOrder`, `dateCreated`, `dateUpdated`, `uid`) VALUES ('221', '12', '30', NULL, '11', '1', '2016-02-23 20:29:57', '2016-02-23 20:29:57', 'beccd8ac-2c64-480a-9871-20781c9fb08c');
INSERT INTO `craft_relations` (`id`, `fieldId`, `sourceId`, `sourceLocale`, `targetId`, `sortOrder`, `dateCreated`, `dateUpdated`, `uid`) VALUES ('222', '17', '30', NULL, '36', '1', '2016-02-23 20:29:57', '2016-02-23 20:29:57', '77a1cb06-4a1a-446c-99d1-5c0d19812c70');
INSERT INTO `craft_relations` (`id`, `fieldId`, `sourceId`, `sourceLocale`, `targetId`, `sortOrder`, `dateCreated`, `dateUpdated`, `uid`) VALUES ('223', '8', '16', NULL, '29', '1', '2016-02-23 20:29:58', '2016-02-23 20:29:58', '9c722217-330f-4767-9247-37ae21cd3484');
INSERT INTO `craft_relations` (`id`, `fieldId`, `sourceId`, `sourceLocale`, `targetId`, `sortOrder`, `dateCreated`, `dateUpdated`, `uid`) VALUES ('224', '16', '16', NULL, '35', '1', '2016-02-23 20:29:58', '2016-02-23 20:29:58', '8ce70d1b-a0b6-4f33-a1cc-2a95b86d8c52');
INSERT INTO `craft_relations` (`id`, `fieldId`, `sourceId`, `sourceLocale`, `targetId`, `sortOrder`, `dateCreated`, `dateUpdated`, `uid`) VALUES ('225', '8', '23', NULL, '31', '1', '2016-02-23 20:29:58', '2016-02-23 20:29:58', 'ca7a5ba0-230b-4297-bb07-522271c5f603');
INSERT INTO `craft_relations` (`id`, `fieldId`, `sourceId`, `sourceLocale`, `targetId`, `sortOrder`, `dateCreated`, `dateUpdated`, `uid`) VALUES ('226', '16', '23', NULL, '34', '1', '2016-02-23 20:29:58', '2016-02-23 20:29:58', '4d01bfa4-d280-42f5-bacb-84dba2c7c275');
INSERT INTO `craft_relations` (`id`, `fieldId`, `sourceId`, `sourceLocale`, `targetId`, `sortOrder`, `dateCreated`, `dateUpdated`, `uid`) VALUES ('227', '8', '26', NULL, '25', '1', '2016-02-23 20:29:58', '2016-02-23 20:29:58', '06ca5cae-848b-41fd-8a18-77c02ff45eca');
INSERT INTO `craft_relations` (`id`, `fieldId`, `sourceId`, `sourceLocale`, `targetId`, `sortOrder`, `dateCreated`, `dateUpdated`, `uid`) VALUES ('228', '16', '26', NULL, '33', '1', '2016-02-23 20:29:58', '2016-02-23 20:29:58', 'c69c0f8b-08fc-42ae-abd1-8c3cc483759f');
INSERT INTO `craft_relations` (`id`, `fieldId`, `sourceId`, `sourceLocale`, `targetId`, `sortOrder`, `dateCreated`, `dateUpdated`, `uid`) VALUES ('229', '8', '28', NULL, '27', '1', '2016-02-23 20:29:58', '2016-02-23 20:29:58', '87e10111-6c9d-48e8-9c44-f4b96e105b58');
INSERT INTO `craft_relations` (`id`, `fieldId`, `sourceId`, `sourceLocale`, `targetId`, `sortOrder`, `dateCreated`, `dateUpdated`, `uid`) VALUES ('230', '16', '28', NULL, '32', '1', '2016-02-23 20:29:58', '2016-02-23 20:29:58', '8da1e76e-6647-40a8-b74d-b205488f9313');



DROP TABLE IF EXISTS `craft_routes`;


--
-- Schema for table `craft_routes`
--
CREATE TABLE `craft_routes` (
  `id` int(11) NOT NULL AUTO_INCREMENT,
  `locale` char(12) COLLATE utf8_unicode_ci DEFAULT NULL,
  `urlParts` varchar(255) COLLATE utf8_unicode_ci NOT NULL,
  `urlPattern` varchar(255) COLLATE utf8_unicode_ci NOT NULL,
  `template` varchar(255) COLLATE utf8_unicode_ci NOT NULL,
  `sortOrder` tinyint(4) DEFAULT NULL,
  `dateCreated` datetime NOT NULL,
  `dateUpdated` datetime NOT NULL,
  `uid` char(36) COLLATE utf8_unicode_ci NOT NULL DEFAULT '0',
  PRIMARY KEY (`id`),
  UNIQUE KEY `craft_routes_urlPattern_unq_idx` (`urlPattern`),
  KEY `craft_routes_locale_idx` (`locale`)
) ENGINE=InnoDB AUTO_INCREMENT=2 DEFAULT CHARSET=utf8 COLLATE=utf8_unicode_ci;

--
-- Data for table `craft_routes`
--

INSERT INTO `craft_routes` (`id`, `locale`, `urlParts`, `urlPattern`, `template`, `sortOrder`, `dateCreated`, `dateUpdated`, `uid`) VALUES ('1', NULL, '[\"about\\/\",[\"slug\",\"[^\\\\\\/]+\"]]', 'about\\/(?P<slug>[^\\/]+)', 'About/_entry', '1', '2015-12-15 19:46:31', '2015-12-15 20:09:56', 'a7d53ecd-f80d-41b5-a175-eb787c1738a7');



DROP TABLE IF EXISTS `craft_searchindex`;


--
-- Schema for table `craft_searchindex`
--
CREATE TABLE `craft_searchindex` (
  `elementId` int(11) NOT NULL,
  `attribute` varchar(25) COLLATE utf8_unicode_ci NOT NULL,
  `fieldId` int(11) NOT NULL,
  `locale` char(12) COLLATE utf8_unicode_ci NOT NULL,
  `keywords` text COLLATE utf8_unicode_ci NOT NULL,
  PRIMARY KEY (`elementId`,`attribute`,`fieldId`,`locale`),
  FULLTEXT KEY `craft_searchindex_keywords_idx` (`keywords`)
) ENGINE=MyISAM DEFAULT CHARSET=utf8 COLLATE=utf8_unicode_ci;

--
-- Data for table `craft_searchindex`
--

INSERT INTO `craft_searchindex` (`elementId`, `attribute`, `fieldId`, `locale`, `keywords`) VALUES ('1', 'username', '0', 'en_gb', ' lizdean ');
INSERT INTO `craft_searchindex` (`elementId`, `attribute`, `fieldId`, `locale`, `keywords`) VALUES ('1', 'firstname', '0', 'en_gb', '');
INSERT INTO `craft_searchindex` (`elementId`, `attribute`, `fieldId`, `locale`, `keywords`) VALUES ('1', 'lastname', '0', 'en_gb', '');
INSERT INTO `craft_searchindex` (`elementId`, `attribute`, `fieldId`, `locale`, `keywords`) VALUES ('1', 'fullname', '0', 'en_gb', '');
INSERT INTO `craft_searchindex` (`elementId`, `attribute`, `fieldId`, `locale`, `keywords`) VALUES ('1', 'email', '0', 'en_gb', ' quixoticduck gmail com ');
INSERT INTO `craft_searchindex` (`elementId`, `attribute`, `fieldId`, `locale`, `keywords`) VALUES ('1', 'slug', '0', 'en_gb', '');
INSERT INTO `craft_searchindex` (`elementId`, `attribute`, `fieldId`, `locale`, `keywords`) VALUES ('2', 'slug', '0', 'en_gb', ' homepage ');
INSERT INTO `craft_searchindex` (`elementId`, `attribute`, `fieldId`, `locale`, `keywords`) VALUES ('2', 'title', '0', 'en_gb', ' home ');
INSERT INTO `craft_searchindex` (`elementId`, `attribute`, `fieldId`, `locale`, `keywords`) VALUES ('2', 'field', '1', 'en_gb', ' it s true this site doesn t have a whole lot of content yet but don t worry our web developers have just installed the cms and they re setting things up for the content editors this very moment soon localhost will be an oasis of fresh perspectives sharp analyses and astute opinions that will keep you coming back again and again ');
INSERT INTO `craft_searchindex` (`elementId`, `attribute`, `fieldId`, `locale`, `keywords`) VALUES ('11', 'filename', '0', 'en_gb', ' liz dean jpg ');
INSERT INTO `craft_searchindex` (`elementId`, `attribute`, `fieldId`, `locale`, `keywords`) VALUES ('10', 'title', '0', 'en_gb', ' communication ');
INSERT INTO `craft_searchindex` (`elementId`, `attribute`, `fieldId`, `locale`, `keywords`) VALUES ('10', 'slug', '0', 'en_gb', '');
INSERT INTO `craft_searchindex` (`elementId`, `attribute`, `fieldId`, `locale`, `keywords`) VALUES ('42', 'field', '2', 'en_gb', '');
INSERT INTO `craft_searchindex` (`elementId`, `attribute`, `fieldId`, `locale`, `keywords`) VALUES ('42', 'slug', '0', 'en_gb', ' liz ');
INSERT INTO `craft_searchindex` (`elementId`, `attribute`, `fieldId`, `locale`, `keywords`) VALUES ('42', 'title', '0', 'en_gb', ' liz ');
INSERT INTO `craft_searchindex` (`elementId`, `attribute`, `fieldId`, `locale`, `keywords`) VALUES ('42', 'field', '24', 'en_gb', ' liz dean ');
INSERT INTO `craft_searchindex` (`elementId`, `attribute`, `fieldId`, `locale`, `keywords`) VALUES ('42', 'field', '19', 'en_gb', '');
INSERT INTO `craft_searchindex` (`elementId`, `attribute`, `fieldId`, `locale`, `keywords`) VALUES ('7', 'slug', '0', 'en_gb', '');
INSERT INTO `craft_searchindex` (`elementId`, `attribute`, `fieldId`, `locale`, `keywords`) VALUES ('7', 'title', '0', 'en_gb', ' relationships ');
INSERT INTO `craft_searchindex` (`elementId`, `attribute`, `fieldId`, `locale`, `keywords`) VALUES ('8', 'slug', '0', 'en_gb', '');
INSERT INTO `craft_searchindex` (`elementId`, `attribute`, `fieldId`, `locale`, `keywords`) VALUES ('8', 'title', '0', 'en_gb', ' pshe ');
INSERT INTO `craft_searchindex` (`elementId`, `attribute`, `fieldId`, `locale`, `keywords`) VALUES ('9', 'slug', '0', 'en_gb', '');
INSERT INTO `craft_searchindex` (`elementId`, `attribute`, `fieldId`, `locale`, `keywords`) VALUES ('9', 'title', '0', 'en_gb', ' health ');
INSERT INTO `craft_searchindex` (`elementId`, `attribute`, `fieldId`, `locale`, `keywords`) VALUES ('2', 'field', '7', 'en_gb', ' liz liz dean i am lizzzzzzzzzzz 1 http www google com about home summary cms and they re setting things up for the content editors this very moment soon localhost will be an oasis of fresh perspectives sharp analyses and astute opinions that will keep you coming back again and again red pshe globe pshe blah blah blah globe people holding hands blah etc pshe pshe blue health appleblue eat vegetables health health communication textboxdots communication is good lorem ipsum dolor sit amet consectetur adipiscing elit sed do eiusmod tempor incididunt ut labore et dolore magna aliqua ut enim ad minim veniam quis nostrud exercitation ullamco laboris nisi ut aliquip ex ea commodo consequat communication communication relationships heart relationships are a thing lorem ipsum dolor sit amet consectetur adipiscing elit sed do eiusmod tempor incididunt ut labore et dolore magna aliqua ut enim ad minim veniam quis nostrud exercitation ullamco laboris nisi ut aliquip ex ea commodo consequat relationships relationships ');
INSERT INTO `craft_searchindex` (`elementId`, `attribute`, `fieldId`, `locale`, `keywords`) VALUES ('11', 'extension', '0', 'en_gb', ' jpg ');
INSERT INTO `craft_searchindex` (`elementId`, `attribute`, `fieldId`, `locale`, `keywords`) VALUES ('11', 'kind', '0', 'en_gb', ' image ');
INSERT INTO `craft_searchindex` (`elementId`, `attribute`, `fieldId`, `locale`, `keywords`) VALUES ('11', 'slug', '0', 'en_gb', '');
INSERT INTO `craft_searchindex` (`elementId`, `attribute`, `fieldId`, `locale`, `keywords`) VALUES ('11', 'title', '0', 'en_gb', ' liz dean ');
INSERT INTO `craft_searchindex` (`elementId`, `attribute`, `fieldId`, `locale`, `keywords`) VALUES ('34', 'title', '0', 'en_gb', ' health ');
INSERT INTO `craft_searchindex` (`elementId`, `attribute`, `fieldId`, `locale`, `keywords`) VALUES ('27', 'filename', '0', 'en_gb', ' heart png ');
INSERT INTO `craft_searchindex` (`elementId`, `attribute`, `fieldId`, `locale`, `keywords`) VALUES ('26', 'field', '9', 'en_gb', ' communication ');
INSERT INTO `craft_searchindex` (`elementId`, `attribute`, `fieldId`, `locale`, `keywords`) VALUES ('25', 'title', '0', 'en_gb', ' textboxdots ');
INSERT INTO `craft_searchindex` (`elementId`, `attribute`, `fieldId`, `locale`, `keywords`) VALUES ('26', 'field', '8', 'en_gb', ' textboxdots ');
INSERT INTO `craft_searchindex` (`elementId`, `attribute`, `fieldId`, `locale`, `keywords`) VALUES ('27', 'kind', '0', 'en_gb', ' image ');
INSERT INTO `craft_searchindex` (`elementId`, `attribute`, `fieldId`, `locale`, `keywords`) VALUES ('27', 'extension', '0', 'en_gb', ' png ');
INSERT INTO `craft_searchindex` (`elementId`, `attribute`, `fieldId`, `locale`, `keywords`) VALUES ('26', 'field', '10', 'en_gb', ' communication ');
INSERT INTO `craft_searchindex` (`elementId`, `attribute`, `fieldId`, `locale`, `keywords`) VALUES ('25', 'slug', '0', 'en_gb', '');
INSERT INTO `craft_searchindex` (`elementId`, `attribute`, `fieldId`, `locale`, `keywords`) VALUES ('16', 'field', '8', 'en_gb', ' globe ');
INSERT INTO `craft_searchindex` (`elementId`, `attribute`, `fieldId`, `locale`, `keywords`) VALUES ('16', 'field', '9', 'en_gb', ' pshe ');
INSERT INTO `craft_searchindex` (`elementId`, `attribute`, `fieldId`, `locale`, `keywords`) VALUES ('16', 'field', '10', 'en_gb', ' pshe ');
INSERT INTO `craft_searchindex` (`elementId`, `attribute`, `fieldId`, `locale`, `keywords`) VALUES ('16', 'slug', '0', 'en_gb', '');
INSERT INTO `craft_searchindex` (`elementId`, `attribute`, `fieldId`, `locale`, `keywords`) VALUES ('26', 'slug', '0', 'en_gb', '');
INSERT INTO `craft_searchindex` (`elementId`, `attribute`, `fieldId`, `locale`, `keywords`) VALUES ('29', 'kind', '0', 'en_gb', ' image ');
INSERT INTO `craft_searchindex` (`elementId`, `attribute`, `fieldId`, `locale`, `keywords`) VALUES ('29', 'extension', '0', 'en_gb', ' png ');
INSERT INTO `craft_searchindex` (`elementId`, `attribute`, `fieldId`, `locale`, `keywords`) VALUES ('29', 'filename', '0', 'en_gb', ' globe png ');
INSERT INTO `craft_searchindex` (`elementId`, `attribute`, `fieldId`, `locale`, `keywords`) VALUES ('25', 'kind', '0', 'en_gb', ' image ');
INSERT INTO `craft_searchindex` (`elementId`, `attribute`, `fieldId`, `locale`, `keywords`) VALUES ('25', 'extension', '0', 'en_gb', ' png ');
INSERT INTO `craft_searchindex` (`elementId`, `attribute`, `fieldId`, `locale`, `keywords`) VALUES ('25', 'filename', '0', 'en_gb', ' textboxdots png ');
INSERT INTO `craft_searchindex` (`elementId`, `attribute`, `fieldId`, `locale`, `keywords`) VALUES ('24', 'title', '0', 'en_gb', ' applebluew ');
INSERT INTO `craft_searchindex` (`elementId`, `attribute`, `fieldId`, `locale`, `keywords`) VALUES ('24', 'slug', '0', 'en_gb', '');
INSERT INTO `craft_searchindex` (`elementId`, `attribute`, `fieldId`, `locale`, `keywords`) VALUES ('24', 'kind', '0', 'en_gb', ' image ');
INSERT INTO `craft_searchindex` (`elementId`, `attribute`, `fieldId`, `locale`, `keywords`) VALUES ('24', 'extension', '0', 'en_gb', ' png ');
INSERT INTO `craft_searchindex` (`elementId`, `attribute`, `fieldId`, `locale`, `keywords`) VALUES ('24', 'filename', '0', 'en_gb', ' applebluew png ');
INSERT INTO `craft_searchindex` (`elementId`, `attribute`, `fieldId`, `locale`, `keywords`) VALUES ('23', 'field', '8', 'en_gb', ' appleblue ');
INSERT INTO `craft_searchindex` (`elementId`, `attribute`, `fieldId`, `locale`, `keywords`) VALUES ('23', 'field', '9', 'en_gb', ' health ');
INSERT INTO `craft_searchindex` (`elementId`, `attribute`, `fieldId`, `locale`, `keywords`) VALUES ('23', 'field', '10', 'en_gb', ' health ');
INSERT INTO `craft_searchindex` (`elementId`, `attribute`, `fieldId`, `locale`, `keywords`) VALUES ('23', 'slug', '0', 'en_gb', '');
INSERT INTO `craft_searchindex` (`elementId`, `attribute`, `fieldId`, `locale`, `keywords`) VALUES ('27', 'slug', '0', 'en_gb', '');
INSERT INTO `craft_searchindex` (`elementId`, `attribute`, `fieldId`, `locale`, `keywords`) VALUES ('27', 'title', '0', 'en_gb', ' heart ');
INSERT INTO `craft_searchindex` (`elementId`, `attribute`, `fieldId`, `locale`, `keywords`) VALUES ('28', 'field', '8', 'en_gb', ' heart ');
INSERT INTO `craft_searchindex` (`elementId`, `attribute`, `fieldId`, `locale`, `keywords`) VALUES ('28', 'field', '9', 'en_gb', ' relationships ');
INSERT INTO `craft_searchindex` (`elementId`, `attribute`, `fieldId`, `locale`, `keywords`) VALUES ('28', 'field', '10', 'en_gb', ' relationships ');
INSERT INTO `craft_searchindex` (`elementId`, `attribute`, `fieldId`, `locale`, `keywords`) VALUES ('28', 'slug', '0', 'en_gb', '');
INSERT INTO `craft_searchindex` (`elementId`, `attribute`, `fieldId`, `locale`, `keywords`) VALUES ('29', 'slug', '0', 'en_gb', '');
INSERT INTO `craft_searchindex` (`elementId`, `attribute`, `fieldId`, `locale`, `keywords`) VALUES ('29', 'title', '0', 'en_gb', ' globe ');
INSERT INTO `craft_searchindex` (`elementId`, `attribute`, `fieldId`, `locale`, `keywords`) VALUES ('32', 'name', '0', 'en_gb', ' relationships ');
INSERT INTO `craft_searchindex` (`elementId`, `attribute`, `fieldId`, `locale`, `keywords`) VALUES ('32', 'slug', '0', 'en_gb', '');
INSERT INTO `craft_searchindex` (`elementId`, `attribute`, `fieldId`, `locale`, `keywords`) VALUES ('32', 'title', '0', 'en_gb', ' relationships ');
INSERT INTO `craft_searchindex` (`elementId`, `attribute`, `fieldId`, `locale`, `keywords`) VALUES ('33', 'name', '0', 'en_gb', ' communication ');
INSERT INTO `craft_searchindex` (`elementId`, `attribute`, `fieldId`, `locale`, `keywords`) VALUES ('33', 'slug', '0', 'en_gb', '');
INSERT INTO `craft_searchindex` (`elementId`, `attribute`, `fieldId`, `locale`, `keywords`) VALUES ('33', 'title', '0', 'en_gb', ' communication ');
INSERT INTO `craft_searchindex` (`elementId`, `attribute`, `fieldId`, `locale`, `keywords`) VALUES ('34', 'name', '0', 'en_gb', ' health ');
INSERT INTO `craft_searchindex` (`elementId`, `attribute`, `fieldId`, `locale`, `keywords`) VALUES ('16', 'field', '11', 'en_gb', ' pshe blah blah blah globe people holding hands blah etc ');
INSERT INTO `craft_searchindex` (`elementId`, `attribute`, `fieldId`, `locale`, `keywords`) VALUES ('23', 'field', '11', 'en_gb', ' eat vegetables ');
INSERT INTO `craft_searchindex` (`elementId`, `attribute`, `fieldId`, `locale`, `keywords`) VALUES ('26', 'field', '11', 'en_gb', ' communication is good lorem ipsum dolor sit amet consectetur adipiscing elit sed do eiusmod tempor incididunt ut labore et dolore magna aliqua ut enim ad minim veniam quis nostrud exercitation ullamco laboris nisi ut aliquip ex ea commodo consequat ');
INSERT INTO `craft_searchindex` (`elementId`, `attribute`, `fieldId`, `locale`, `keywords`) VALUES ('31', 'filename', '0', 'en_gb', ' appleblue png ');
INSERT INTO `craft_searchindex` (`elementId`, `attribute`, `fieldId`, `locale`, `keywords`) VALUES ('31', 'extension', '0', 'en_gb', ' png ');
INSERT INTO `craft_searchindex` (`elementId`, `attribute`, `fieldId`, `locale`, `keywords`) VALUES ('31', 'kind', '0', 'en_gb', ' image ');
INSERT INTO `craft_searchindex` (`elementId`, `attribute`, `fieldId`, `locale`, `keywords`) VALUES ('31', 'slug', '0', 'en_gb', '');
INSERT INTO `craft_searchindex` (`elementId`, `attribute`, `fieldId`, `locale`, `keywords`) VALUES ('28', 'field', '11', 'en_gb', ' relationships are a thing lorem ipsum dolor sit amet consectetur adipiscing elit sed do eiusmod tempor incididunt ut labore et dolore magna aliqua ut enim ad minim veniam quis nostrud exercitation ullamco laboris nisi ut aliquip ex ea commodo consequat ');
INSERT INTO `craft_searchindex` (`elementId`, `attribute`, `fieldId`, `locale`, `keywords`) VALUES ('34', 'slug', '0', 'en_gb', '');
INSERT INTO `craft_searchindex` (`elementId`, `attribute`, `fieldId`, `locale`, `keywords`) VALUES ('31', 'title', '0', 'en_gb', ' appleblue ');
INSERT INTO `craft_searchindex` (`elementId`, `attribute`, `fieldId`, `locale`, `keywords`) VALUES ('30', 'field', '12', 'en_gb', ' liz dean ');
INSERT INTO `craft_searchindex` (`elementId`, `attribute`, `fieldId`, `locale`, `keywords`) VALUES ('30', 'field', '13', 'en_gb', ' liz ');
INSERT INTO `craft_searchindex` (`elementId`, `attribute`, `fieldId`, `locale`, `keywords`) VALUES ('30', 'field', '14', 'en_gb', ' http www google com ');
INSERT INTO `craft_searchindex` (`elementId`, `attribute`, `fieldId`, `locale`, `keywords`) VALUES ('30', 'field', '15', 'en_gb', ' i am lizzzzzzzzzzz 1 ');
INSERT INTO `craft_searchindex` (`elementId`, `attribute`, `fieldId`, `locale`, `keywords`) VALUES ('30', 'slug', '0', 'en_gb', '');
INSERT INTO `craft_searchindex` (`elementId`, `attribute`, `fieldId`, `locale`, `keywords`) VALUES ('35', 'name', '0', 'en_gb', ' pshe ');
INSERT INTO `craft_searchindex` (`elementId`, `attribute`, `fieldId`, `locale`, `keywords`) VALUES ('35', 'slug', '0', 'en_gb', '');
INSERT INTO `craft_searchindex` (`elementId`, `attribute`, `fieldId`, `locale`, `keywords`) VALUES ('35', 'title', '0', 'en_gb', ' pshe ');
INSERT INTO `craft_searchindex` (`elementId`, `attribute`, `fieldId`, `locale`, `keywords`) VALUES ('36', 'name', '0', 'en_gb', ' about ');
INSERT INTO `craft_searchindex` (`elementId`, `attribute`, `fieldId`, `locale`, `keywords`) VALUES ('36', 'slug', '0', 'en_gb', '');
INSERT INTO `craft_searchindex` (`elementId`, `attribute`, `fieldId`, `locale`, `keywords`) VALUES ('36', 'title', '0', 'en_gb', ' about ');
INSERT INTO `craft_searchindex` (`elementId`, `attribute`, `fieldId`, `locale`, `keywords`) VALUES ('30', 'field', '17', 'en_gb', ' about ');
INSERT INTO `craft_searchindex` (`elementId`, `attribute`, `fieldId`, `locale`, `keywords`) VALUES ('16', 'field', '16', 'en_gb', ' pshe ');
INSERT INTO `craft_searchindex` (`elementId`, `attribute`, `fieldId`, `locale`, `keywords`) VALUES ('23', 'field', '16', 'en_gb', ' health ');
INSERT INTO `craft_searchindex` (`elementId`, `attribute`, `fieldId`, `locale`, `keywords`) VALUES ('26', 'field', '16', 'en_gb', ' communication ');
INSERT INTO `craft_searchindex` (`elementId`, `attribute`, `fieldId`, `locale`, `keywords`) VALUES ('28', 'field', '16', 'en_gb', ' relationships ');
INSERT INTO `craft_searchindex` (`elementId`, `attribute`, `fieldId`, `locale`, `keywords`) VALUES ('38', 'field', '24', 'en_gb', '');
INSERT INTO `craft_searchindex` (`elementId`, `attribute`, `fieldId`, `locale`, `keywords`) VALUES ('38', 'field', '19', 'en_gb', '');
INSERT INTO `craft_searchindex` (`elementId`, `attribute`, `fieldId`, `locale`, `keywords`) VALUES ('38', 'field', '3', 'en_gb', '');
INSERT INTO `craft_searchindex` (`elementId`, `attribute`, `fieldId`, `locale`, `keywords`) VALUES ('38', 'field', '1', 'en_gb', ' insert contact form ');
INSERT INTO `craft_searchindex` (`elementId`, `attribute`, `fieldId`, `locale`, `keywords`) VALUES ('38', 'field', '2', 'en_gb', '');
INSERT INTO `craft_searchindex` (`elementId`, `attribute`, `fieldId`, `locale`, `keywords`) VALUES ('38', 'slug', '0', 'en_gb', ' contact ');
INSERT INTO `craft_searchindex` (`elementId`, `attribute`, `fieldId`, `locale`, `keywords`) VALUES ('38', 'title', '0', 'en_gb', ' contact ');
INSERT INTO `craft_searchindex` (`elementId`, `attribute`, `fieldId`, `locale`, `keywords`) VALUES ('42', 'field', '1', 'en_gb', ' body ');
INSERT INTO `craft_searchindex` (`elementId`, `attribute`, `fieldId`, `locale`, `keywords`) VALUES ('42', 'field', '7', 'en_gb', ' my block heading globe test group block 1 heart test group block 2 textboxdots hi i am liz and i am passionate about the work i do i am committed to improving sex and relationships education and young people s entitlement to it i have worked in the field of sexual health promotion for 15 years now i currently work on a freelance basis offering a variety of services including planning delivering and evaluating training courses for professionals in health social care education and youth work delivering lessons and workshops to young people conducting needs assessments and small scale pieces of research if you want to know more about my work then please contact me my background i worked as a senior sexual health promotion practitioner for the nhs in brighton hove for 12 years the main areas of my work were workforce development for practitioners delivering workshops and seminars co ordinating a condom promotion scheme and c card scheme producing resources including a risk workbook based on motivational interviewing leading on local sexual health media campaigns chairing local partnership forums and supporting policy strategy development in the field of teenage pregnancy and sexual health i have a masters degree in health promotion from brighton university where i conducted a piece of qualitative research exploring on the influence of pornography on young men s sexual health their attitudes sexual development and behavior my undergraduate degree is a ba hons in educational perspectives from oxford brookes university within this i conducted a qualitative piece of research critiqing school sex and relationships education this was where my interest began in this field i have also been working as an associate trainer for the fpa for 6 years delivering the course fantasy vs reality the impact and influence of pornography on young people to practitioners across england and i am also involved in work for the fpa to explore the links between alcohol and sexual risk taking amongst young people my approach i take a professional and conscientious approach to my work i ensure my delivery is participatory and inclusive within an informal style i feel this work takes an amazing journey of exploring attitudes beliefs personal self awareness and insight i believe we always need to ensure we look after ourselves and continually self reflect in this demanding area of work i love meeting practitioners from a range of disciplines and from all over the uk this for me informs shapes and inspires my ideas and work ensuring i take a very real and grounded approach contact me by email lizdeanfreelance yahoo co uk or 07980 575353 globe sfdfdsf applebluew heart sfdfdsf sdfdf sdffdsd fdsfdsdfdsf sdf sdfsd fdsf sdf sd fssfdfdsf sdfdf sdffdsd fdsfdsdfdsf sdf sdfsd fdsf sdf sd fssfdfdsf sdfdf sdffdsd fdsfdsdfdsf sdf sdfsd fdsf sdf sd fssfdfdsf sdfdf sdffdsd fdsfdsdfdsf sdf sdfsd fdsf sdf sd fssfdfdsf sdfdf sdffdsd fdsfdsdfdsf sdf sdfsd fdsf sdf sd fssfdfdsf sdfdf sdffdsd fdsfdsdfdsf sdf sdfsd fdsf sdf sd fssfdfdsf sdfdf sdffdsd fdsfdsdfdsf sdf sdfsd fdsf sdf sd fssfdfdsf sdfdf sdffdsd fdsfdsdfdsf sdf sdfsd fdsf sdf sd fssfdfdsf sdfdf sdffdsd fdsfdsdfdsf sdf sdfsd fdsf sdf sd fssfdfdsf sdfdf sdffdsd fdsfdsdfdsf sdf sdfsd fdsf sdf sd fssfdfdsf sdfdf sdffdsd fdsfdsdfdsf sdf sdfsd fdsf sdf sd fssfdfdsf sdfdf sdffdsd fdsfdsdfdsf sdf sdfsd fdsf sdf sd fssfdfdsf sdfdf sdffdsd fdsfdsdfdsf sdf sdfsd fdsf sdf sd fs liz dean sfdfdsf sdfdf sdffdsd fdsfdsdfdsf sdf sdfsd fdsf sdf sd fssfdfdsf sdfdf sdffdsd fdsfdsdfdsf sdf sdfsd fdsf sdf sd fssfdfdsf sdfdf sdffdsd fdsfdsdfdsf sdf sdfsd fdsf sdf sd fssfdfdsf sdfdf sdffdsd fdsfdsdfdsf sdf sdfsd fdsf sdf sd fssfdfdsf sdfdf sdffdsd fdsfdsdfdsf sdf sdfsd fdsf sdf sd fssfdfdsf sdfdf sdffdsd fdsfdsdfdsf sdf sdfsd fdsf sdf sd fssfdfdsf sdfdf sdffdsd fdsfdsdfdsf sdf sdfsd fdsf sdf sd fssfdfdsf sdfdf sdffdsd fdsfdsdfdsf sdf sdfsd fdsf sdf sd fssfdfdsf sdfdf sdffdsd fdsfdsdfdsf sdf sdfsd fdsf sdf sd fssfdfdsf sdfdf sdffdsd fdsfdsdfdsf sdf sdfsd fdsf sdf sd fssfdfdsf sdfdf sdffdsd fdsfdsdfdsf sdf sdfsd fdsf sdf sd fssfdfdsf sdfdf sdffdsd fdsfdsdfdsf sdf sdfsd fdsf sdf sd fs liz dean sfdf ssdgsd g sgd ');
INSERT INTO `craft_searchindex` (`elementId`, `attribute`, `fieldId`, `locale`, `keywords`) VALUES ('42', 'field', '3', 'en_gb', ' about me ');
INSERT INTO `craft_searchindex` (`elementId`, `attribute`, `fieldId`, `locale`, `keywords`) VALUES ('2', 'field', '25', 'en_gb', ' test footer block ');
INSERT INTO `craft_searchindex` (`elementId`, `attribute`, `fieldId`, `locale`, `keywords`) VALUES ('44', 'field', '8', 'en_gb', ' globe ');
INSERT INTO `craft_searchindex` (`elementId`, `attribute`, `fieldId`, `locale`, `keywords`) VALUES ('44', 'field', '9', 'en_gb', ' my block heading ');
INSERT INTO `craft_searchindex` (`elementId`, `attribute`, `fieldId`, `locale`, `keywords`) VALUES ('44', 'field', '10', 'en_gb', '');
INSERT INTO `craft_searchindex` (`elementId`, `attribute`, `fieldId`, `locale`, `keywords`) VALUES ('44', 'field', '11', 'en_gb', ' test group block 1 ');
INSERT INTO `craft_searchindex` (`elementId`, `attribute`, `fieldId`, `locale`, `keywords`) VALUES ('44', 'field', '16', 'en_gb', '');
INSERT INTO `craft_searchindex` (`elementId`, `attribute`, `fieldId`, `locale`, `keywords`) VALUES ('44', 'slug', '0', 'en_gb', '');
INSERT INTO `craft_searchindex` (`elementId`, `attribute`, `fieldId`, `locale`, `keywords`) VALUES ('45', 'field', '8', 'en_gb', ' heart ');
INSERT INTO `craft_searchindex` (`elementId`, `attribute`, `fieldId`, `locale`, `keywords`) VALUES ('45', 'field', '9', 'en_gb', '');
INSERT INTO `craft_searchindex` (`elementId`, `attribute`, `fieldId`, `locale`, `keywords`) VALUES ('45', 'field', '10', 'en_gb', '');
INSERT INTO `craft_searchindex` (`elementId`, `attribute`, `fieldId`, `locale`, `keywords`) VALUES ('45', 'field', '11', 'en_gb', ' test group block 2 ');
INSERT INTO `craft_searchindex` (`elementId`, `attribute`, `fieldId`, `locale`, `keywords`) VALUES ('45', 'field', '16', 'en_gb', '');
INSERT INTO `craft_searchindex` (`elementId`, `attribute`, `fieldId`, `locale`, `keywords`) VALUES ('45', 'slug', '0', 'en_gb', '');
INSERT INTO `craft_searchindex` (`elementId`, `attribute`, `fieldId`, `locale`, `keywords`) VALUES ('46', 'field', '12', 'en_gb', ' textboxdots ');
INSERT INTO `craft_searchindex` (`elementId`, `attribute`, `fieldId`, `locale`, `keywords`) VALUES ('46', 'field', '13', 'en_gb', '');
INSERT INTO `craft_searchindex` (`elementId`, `attribute`, `fieldId`, `locale`, `keywords`) VALUES ('46', 'field', '14', 'en_gb', '');
INSERT INTO `craft_searchindex` (`elementId`, `attribute`, `fieldId`, `locale`, `keywords`) VALUES ('46', 'field', '15', 'en_gb', ' hi i am liz and i am passionate about the work i do i am committed to improving sex and relationships education and young people s entitlement to it i have worked in the field of sexual health promotion for 15 years now i currently work on a freelance basis offering a variety of services including planning delivering and evaluating training courses for professionals in health social care education and youth work delivering lessons and workshops to young people conducting needs assessments and small scale pieces of research if you want to know more about my work then please contact me my background i worked as a senior sexual health promotion practitioner for the nhs in brighton hove for 12 years the main areas of my work were workforce development for practitioners delivering workshops and seminars co ordinating a condom promotion scheme and c card scheme producing resources including a risk workbook based on motivational interviewing leading on local sexual health media campaigns chairing local partnership forums and supporting policy strategy development in the field of teenage pregnancy and sexual health i have a masters degree in health promotion from brighton university where i conducted a piece of qualitative research exploring on the influence of pornography on young men s sexual health their attitudes sexual development and behavior my undergraduate degree is a ba hons in educational perspectives from oxford brookes university within this i conducted a qualitative piece of research critiqing school sex and relationships education this was where my interest began in this field i have also been working as an associate trainer for the fpa for 6 years delivering the course fantasy vs reality the impact and influence of pornography on young people to practitioners across england and i am also involved in work for the fpa to explore the links between alcohol and sexual risk taking amongst young people my approach i take a professional and conscientious approach to my work i ensure my delivery is participatory and inclusive within an informal style i feel this work takes an amazing journey of exploring attitudes beliefs personal self awareness and insight i believe we always need to ensure we look after ourselves and continually self reflect in this demanding area of work i love meeting practitioners from a range of disciplines and from all over the uk this for me informs shapes and inspires my ideas and work ensuring i take a very real and grounded approach contact me by email lizdeanfreelance yahoo co uk or 07980 575353 ');
INSERT INTO `craft_searchindex` (`elementId`, `attribute`, `fieldId`, `locale`, `keywords`) VALUES ('46', 'field', '17', 'en_gb', '');
INSERT INTO `craft_searchindex` (`elementId`, `attribute`, `fieldId`, `locale`, `keywords`) VALUES ('46', 'slug', '0', 'en_gb', '');
INSERT INTO `craft_searchindex` (`elementId`, `attribute`, `fieldId`, `locale`, `keywords`) VALUES ('47', 'field', '8', 'en_gb', ' globe ');
INSERT INTO `craft_searchindex` (`elementId`, `attribute`, `fieldId`, `locale`, `keywords`) VALUES ('47', 'field', '9', 'en_gb', '');
INSERT INTO `craft_searchindex` (`elementId`, `attribute`, `fieldId`, `locale`, `keywords`) VALUES ('47', 'field', '10', 'en_gb', '');
INSERT INTO `craft_searchindex` (`elementId`, `attribute`, `fieldId`, `locale`, `keywords`) VALUES ('47', 'field', '11', 'en_gb', ' sfdfdsf ');
INSERT INTO `craft_searchindex` (`elementId`, `attribute`, `fieldId`, `locale`, `keywords`) VALUES ('47', 'field', '16', 'en_gb', '');
INSERT INTO `craft_searchindex` (`elementId`, `attribute`, `fieldId`, `locale`, `keywords`) VALUES ('47', 'slug', '0', 'en_gb', '');
INSERT INTO `craft_searchindex` (`elementId`, `attribute`, `fieldId`, `locale`, `keywords`) VALUES ('48', 'field', '8', 'en_gb', ' applebluew ');
INSERT INTO `craft_searchindex` (`elementId`, `attribute`, `fieldId`, `locale`, `keywords`) VALUES ('48', 'field', '9', 'en_gb', '');
INSERT INTO `craft_searchindex` (`elementId`, `attribute`, `fieldId`, `locale`, `keywords`) VALUES ('48', 'field', '10', 'en_gb', '');
INSERT INTO `craft_searchindex` (`elementId`, `attribute`, `fieldId`, `locale`, `keywords`) VALUES ('48', 'field', '11', 'en_gb', '');
INSERT INTO `craft_searchindex` (`elementId`, `attribute`, `fieldId`, `locale`, `keywords`) VALUES ('48', 'field', '16', 'en_gb', '');
INSERT INTO `craft_searchindex` (`elementId`, `attribute`, `fieldId`, `locale`, `keywords`) VALUES ('48', 'slug', '0', 'en_gb', '');
INSERT INTO `craft_searchindex` (`elementId`, `attribute`, `fieldId`, `locale`, `keywords`) VALUES ('49', 'field', '8', 'en_gb', ' heart ');
INSERT INTO `craft_searchindex` (`elementId`, `attribute`, `fieldId`, `locale`, `keywords`) VALUES ('49', 'field', '9', 'en_gb', '');
INSERT INTO `craft_searchindex` (`elementId`, `attribute`, `fieldId`, `locale`, `keywords`) VALUES ('49', 'field', '10', 'en_gb', '');
INSERT INTO `craft_searchindex` (`elementId`, `attribute`, `fieldId`, `locale`, `keywords`) VALUES ('49', 'field', '11', 'en_gb', ' sfdfdsf sdfdf sdffdsd fdsfdsdfdsf sdf sdfsd fdsf sdf sd fssfdfdsf sdfdf sdffdsd fdsfdsdfdsf sdf sdfsd fdsf sdf sd fssfdfdsf sdfdf sdffdsd fdsfdsdfdsf sdf sdfsd fdsf sdf sd fssfdfdsf sdfdf sdffdsd fdsfdsdfdsf sdf sdfsd fdsf sdf sd fssfdfdsf sdfdf sdffdsd fdsfdsdfdsf sdf sdfsd fdsf sdf sd fssfdfdsf sdfdf sdffdsd fdsfdsdfdsf sdf sdfsd fdsf sdf sd fssfdfdsf sdfdf sdffdsd fdsfdsdfdsf sdf sdfsd fdsf sdf sd fssfdfdsf sdfdf sdffdsd fdsfdsdfdsf sdf sdfsd fdsf sdf sd fssfdfdsf sdfdf sdffdsd fdsfdsdfdsf sdf sdfsd fdsf sdf sd fssfdfdsf sdfdf sdffdsd fdsfdsdfdsf sdf sdfsd fdsf sdf sd fssfdfdsf sdfdf sdffdsd fdsfdsdfdsf sdf sdfsd fdsf sdf sd fssfdfdsf sdfdf sdffdsd fdsfdsdfdsf sdf sdfsd fdsf sdf sd fssfdfdsf sdfdf sdffdsd fdsfdsdfdsf sdf sdfsd fdsf sdf sd fs ');
INSERT INTO `craft_searchindex` (`elementId`, `attribute`, `fieldId`, `locale`, `keywords`) VALUES ('49', 'field', '16', 'en_gb', '');
INSERT INTO `craft_searchindex` (`elementId`, `attribute`, `fieldId`, `locale`, `keywords`) VALUES ('49', 'slug', '0', 'en_gb', '');
INSERT INTO `craft_searchindex` (`elementId`, `attribute`, `fieldId`, `locale`, `keywords`) VALUES ('50', 'field', '12', 'en_gb', ' liz dean ');
INSERT INTO `craft_searchindex` (`elementId`, `attribute`, `fieldId`, `locale`, `keywords`) VALUES ('50', 'field', '13', 'en_gb', '');
INSERT INTO `craft_searchindex` (`elementId`, `attribute`, `fieldId`, `locale`, `keywords`) VALUES ('50', 'field', '14', 'en_gb', '');
INSERT INTO `craft_searchindex` (`elementId`, `attribute`, `fieldId`, `locale`, `keywords`) VALUES ('50', 'field', '15', 'en_gb', ' sfdfdsf sdfdf sdffdsd fdsfdsdfdsf sdf sdfsd fdsf sdf sd fssfdfdsf sdfdf sdffdsd fdsfdsdfdsf sdf sdfsd fdsf sdf sd fssfdfdsf sdfdf sdffdsd fdsfdsdfdsf sdf sdfsd fdsf sdf sd fssfdfdsf sdfdf sdffdsd fdsfdsdfdsf sdf sdfsd fdsf sdf sd fssfdfdsf sdfdf sdffdsd fdsfdsdfdsf sdf sdfsd fdsf sdf sd fssfdfdsf sdfdf sdffdsd fdsfdsdfdsf sdf sdfsd fdsf sdf sd fssfdfdsf sdfdf sdffdsd fdsfdsdfdsf sdf sdfsd fdsf sdf sd fssfdfdsf sdfdf sdffdsd fdsfdsdfdsf sdf sdfsd fdsf sdf sd fssfdfdsf sdfdf sdffdsd fdsfdsdfdsf sdf sdfsd fdsf sdf sd fssfdfdsf sdfdf sdffdsd fdsfdsdfdsf sdf sdfsd fdsf sdf sd fssfdfdsf sdfdf sdffdsd fdsfdsdfdsf sdf sdfsd fdsf sdf sd fssfdfdsf sdfdf sdffdsd fdsfdsdfdsf sdf sdfsd fdsf sdf sd fs ');
INSERT INTO `craft_searchindex` (`elementId`, `attribute`, `fieldId`, `locale`, `keywords`) VALUES ('50', 'field', '17', 'en_gb', '');
INSERT INTO `craft_searchindex` (`elementId`, `attribute`, `fieldId`, `locale`, `keywords`) VALUES ('50', 'slug', '0', 'en_gb', '');
INSERT INTO `craft_searchindex` (`elementId`, `attribute`, `fieldId`, `locale`, `keywords`) VALUES ('51', 'field', '12', 'en_gb', ' liz dean ');
INSERT INTO `craft_searchindex` (`elementId`, `attribute`, `fieldId`, `locale`, `keywords`) VALUES ('51', 'field', '13', 'en_gb', '');
INSERT INTO `craft_searchindex` (`elementId`, `attribute`, `fieldId`, `locale`, `keywords`) VALUES ('51', 'field', '14', 'en_gb', '');
INSERT INTO `craft_searchindex` (`elementId`, `attribute`, `fieldId`, `locale`, `keywords`) VALUES ('51', 'field', '15', 'en_gb', ' sfdf ssdgsd g sgd ');
INSERT INTO `craft_searchindex` (`elementId`, `attribute`, `fieldId`, `locale`, `keywords`) VALUES ('51', 'field', '17', 'en_gb', '');
INSERT INTO `craft_searchindex` (`elementId`, `attribute`, `fieldId`, `locale`, `keywords`) VALUES ('51', 'slug', '0', 'en_gb', '');
INSERT INTO `craft_searchindex` (`elementId`, `attribute`, `fieldId`, `locale`, `keywords`) VALUES ('26', 'field', '27', 'en_gb', '');
INSERT INTO `craft_searchindex` (`elementId`, `attribute`, `fieldId`, `locale`, `keywords`) VALUES ('28', 'field', '27', 'en_gb', '');
INSERT INTO `craft_searchindex` (`elementId`, `attribute`, `fieldId`, `locale`, `keywords`) VALUES ('52', 'field', '12', 'en_gb', '');
INSERT INTO `craft_searchindex` (`elementId`, `attribute`, `fieldId`, `locale`, `keywords`) VALUES ('52', 'field', '13', 'en_gb', ' home ');
INSERT INTO `craft_searchindex` (`elementId`, `attribute`, `fieldId`, `locale`, `keywords`) VALUES ('52', 'field', '14', 'en_gb', '');
INSERT INTO `craft_searchindex` (`elementId`, `attribute`, `fieldId`, `locale`, `keywords`) VALUES ('52', 'field', '15', 'en_gb', ' summary cms and they re setting things up for the content editors this very moment soon localhost will be an oasis of fresh perspectives sharp analyses and astute opinions that will keep you coming back again and again ');
INSERT INTO `craft_searchindex` (`elementId`, `attribute`, `fieldId`, `locale`, `keywords`) VALUES ('16', 'field', '27', 'en_gb', ' red ');
INSERT INTO `craft_searchindex` (`elementId`, `attribute`, `fieldId`, `locale`, `keywords`) VALUES ('23', 'field', '27', 'en_gb', ' blue ');
INSERT INTO `craft_searchindex` (`elementId`, `attribute`, `fieldId`, `locale`, `keywords`) VALUES ('52', 'field', '17', 'en_gb', '');
INSERT INTO `craft_searchindex` (`elementId`, `attribute`, `fieldId`, `locale`, `keywords`) VALUES ('52', 'slug', '0', 'en_gb', '');



DROP TABLE IF EXISTS `craft_sections`;


--
-- Schema for table `craft_sections`
--
CREATE TABLE `craft_sections` (
  `id` int(11) NOT NULL AUTO_INCREMENT,
  `structureId` int(11) DEFAULT NULL,
  `name` varchar(255) COLLATE utf8_unicode_ci NOT NULL,
  `handle` varchar(255) COLLATE utf8_unicode_ci NOT NULL,
  `type` enum('single','channel','structure') COLLATE utf8_unicode_ci NOT NULL DEFAULT 'channel',
  `hasUrls` tinyint(1) unsigned NOT NULL DEFAULT '1',
  `template` varchar(500) COLLATE utf8_unicode_ci DEFAULT NULL,
  `enableVersioning` tinyint(1) unsigned NOT NULL DEFAULT '0',
  `dateCreated` datetime NOT NULL,
  `dateUpdated` datetime NOT NULL,
  `uid` char(36) COLLATE utf8_unicode_ci NOT NULL DEFAULT '0',
  PRIMARY KEY (`id`),
  UNIQUE KEY `craft_sections_name_unq_idx` (`name`),
  UNIQUE KEY `craft_sections_handle_unq_idx` (`handle`),
  KEY `craft_sections_structureId_fk` (`structureId`)
) ENGINE=InnoDB AUTO_INCREMENT=8 DEFAULT CHARSET=utf8 COLLATE=utf8_unicode_ci;

--
-- Data for table `craft_sections`
--

INSERT INTO `craft_sections` (`id`, `structureId`, `name`, `handle`, `type`, `hasUrls`, `template`, `enableVersioning`, `dateCreated`, `dateUpdated`, `uid`) VALUES ('1', NULL, 'Homepage', 'homepage', 'single', '1', 'index', '1', '2015-06-23 19:12:51', '2015-06-23 19:12:51', '1aafd5c2-32aa-46ee-a34b-d32acd03d3f2');
INSERT INTO `craft_sections` (`id`, `structureId`, `name`, `handle`, `type`, `hasUrls`, `template`, `enableVersioning`, `dateCreated`, `dateUpdated`, `uid`) VALUES ('2', NULL, 'News', 'news', 'channel', '1', 'About/_entry', '1', '2015-06-23 19:12:51', '2015-12-15 20:12:23', '2fb01ab4-fc5b-4ea6-bff9-7a35a58bbb54');
INSERT INTO `craft_sections` (`id`, `structureId`, `name`, `handle`, `type`, `hasUrls`, `template`, `enableVersioning`, `dateCreated`, `dateUpdated`, `uid`) VALUES ('4', NULL, 'Relationships', 'relationships', 'single', '1', 'relationships', '1', '2015-09-01 18:47:44', '2015-09-01 18:47:44', '3db31fd2-0faf-491b-bbe5-135735c32f00');
INSERT INTO `craft_sections` (`id`, `structureId`, `name`, `handle`, `type`, `hasUrls`, `template`, `enableVersioning`, `dateCreated`, `dateUpdated`, `uid`) VALUES ('5', NULL, 'PSHE', 'pshe', 'single', '1', 'pshe', '1', '2015-09-01 18:48:40', '2015-09-01 18:48:40', '963a679a-1132-4c5e-9ca0-1b3ae643ac55');
INSERT INTO `craft_sections` (`id`, `structureId`, `name`, `handle`, `type`, `hasUrls`, `template`, `enableVersioning`, `dateCreated`, `dateUpdated`, `uid`) VALUES ('6', NULL, 'Health', 'health', 'single', '1', 'health', '1', '2015-09-01 18:48:58', '2015-09-01 18:48:58', '1c7d3bc7-98a4-488c-987c-21251ca1922b');
INSERT INTO `craft_sections` (`id`, `structureId`, `name`, `handle`, `type`, `hasUrls`, `template`, `enableVersioning`, `dateCreated`, `dateUpdated`, `uid`) VALUES ('7', NULL, 'Communication', 'communication', 'single', '1', 'communication', '1', '2015-09-01 18:53:36', '2015-09-01 18:53:36', 'd2582f9c-6710-4bf1-b52e-2927ce50d903');



DROP TABLE IF EXISTS `craft_sections_i18n`;


--
-- Schema for table `craft_sections_i18n`
--
CREATE TABLE `craft_sections_i18n` (
  `id` int(11) NOT NULL AUTO_INCREMENT,
  `sectionId` int(11) NOT NULL,
  `locale` char(12) COLLATE utf8_unicode_ci NOT NULL,
  `enabledByDefault` tinyint(1) unsigned NOT NULL DEFAULT '1',
  `urlFormat` varchar(255) COLLATE utf8_unicode_ci DEFAULT NULL,
  `nestedUrlFormat` varchar(255) COLLATE utf8_unicode_ci DEFAULT NULL,
  `dateCreated` datetime NOT NULL,
  `dateUpdated` datetime NOT NULL,
  `uid` char(36) COLLATE utf8_unicode_ci NOT NULL DEFAULT '0',
  PRIMARY KEY (`id`),
  UNIQUE KEY `craft_sections_i18n_sectionId_locale_unq_idx` (`sectionId`,`locale`),
  KEY `craft_sections_i18n_locale_fk` (`locale`)
) ENGINE=InnoDB AUTO_INCREMENT=8 DEFAULT CHARSET=utf8 COLLATE=utf8_unicode_ci;

--
-- Data for table `craft_sections_i18n`
--

INSERT INTO `craft_sections_i18n` (`id`, `sectionId`, `locale`, `enabledByDefault`, `urlFormat`, `nestedUrlFormat`, `dateCreated`, `dateUpdated`, `uid`) VALUES ('1', '1', 'en_gb', '1', '__home__', NULL, '2015-06-23 19:12:51', '2015-06-23 19:12:51', 'c9a4527a-59b2-419f-b73a-97ceb7580da5');
INSERT INTO `craft_sections_i18n` (`id`, `sectionId`, `locale`, `enabledByDefault`, `urlFormat`, `nestedUrlFormat`, `dateCreated`, `dateUpdated`, `uid`) VALUES ('2', '2', 'en_gb', '0', '{type}/{slug}', NULL, '2015-06-23 19:12:51', '2015-12-15 19:56:03', 'bb35b18d-ede2-4731-8566-6114a705a15a');
INSERT INTO `craft_sections_i18n` (`id`, `sectionId`, `locale`, `enabledByDefault`, `urlFormat`, `nestedUrlFormat`, `dateCreated`, `dateUpdated`, `uid`) VALUES ('4', '4', 'en_gb', '0', 'relationships', NULL, '2015-09-01 18:47:44', '2015-09-01 18:47:44', '2ee0f806-5426-41eb-a539-1a41a7c3d5f3');
INSERT INTO `craft_sections_i18n` (`id`, `sectionId`, `locale`, `enabledByDefault`, `urlFormat`, `nestedUrlFormat`, `dateCreated`, `dateUpdated`, `uid`) VALUES ('5', '5', 'en_gb', '0', 'pshe', NULL, '2015-09-01 18:48:40', '2015-09-01 18:48:40', '2254a2e6-f59e-497e-8734-c9e988f8bb8e');
INSERT INTO `craft_sections_i18n` (`id`, `sectionId`, `locale`, `enabledByDefault`, `urlFormat`, `nestedUrlFormat`, `dateCreated`, `dateUpdated`, `uid`) VALUES ('6', '6', 'en_gb', '0', 'health', NULL, '2015-09-01 18:48:58', '2015-09-01 18:48:58', '2c705ecb-28d4-495c-a6bf-dc1db9f31eaa');
INSERT INTO `craft_sections_i18n` (`id`, `sectionId`, `locale`, `enabledByDefault`, `urlFormat`, `nestedUrlFormat`, `dateCreated`, `dateUpdated`, `uid`) VALUES ('7', '7', 'en_gb', '0', 'communication', NULL, '2015-09-01 18:53:36', '2015-09-01 18:53:36', '15084a10-858a-4a5e-875e-b66a69c1c9f7');



DROP TABLE IF EXISTS `craft_sessions`;


--
-- Schema for table `craft_sessions`
--
CREATE TABLE `craft_sessions` (
  `id` int(11) NOT NULL AUTO_INCREMENT,
  `userId` int(11) NOT NULL,
  `token` char(100) COLLATE utf8_unicode_ci NOT NULL,
  `dateCreated` datetime NOT NULL,
  `dateUpdated` datetime NOT NULL,
  `uid` char(36) COLLATE utf8_unicode_ci NOT NULL DEFAULT '0',
  PRIMARY KEY (`id`),
  KEY `craft_sessions_uid_idx` (`uid`),
  KEY `craft_sessions_token_idx` (`token`),
  KEY `craft_sessions_dateUpdated_idx` (`dateUpdated`),
  KEY `craft_sessions_userId_fk` (`userId`)
) ENGINE=InnoDB AUTO_INCREMENT=6 DEFAULT CHARSET=utf8 COLLATE=utf8_unicode_ci;

DROP TABLE IF EXISTS `craft_shunnedmessages`;


--
-- Schema for table `craft_shunnedmessages`
--
CREATE TABLE `craft_shunnedmessages` (
  `id` int(11) NOT NULL AUTO_INCREMENT,
  `userId` int(11) NOT NULL,
  `message` varchar(255) COLLATE utf8_unicode_ci NOT NULL,
  `expiryDate` datetime DEFAULT NULL,
  `dateCreated` datetime NOT NULL,
  `dateUpdated` datetime NOT NULL,
  `uid` char(36) COLLATE utf8_unicode_ci NOT NULL DEFAULT '0',
  PRIMARY KEY (`id`),
  UNIQUE KEY `craft_shunnedmessages_userId_message_unq_idx` (`userId`,`message`)
) ENGINE=InnoDB DEFAULT CHARSET=utf8 COLLATE=utf8_unicode_ci;

DROP TABLE IF EXISTS `craft_structureelements`;


--
-- Schema for table `craft_structureelements`
--
CREATE TABLE `craft_structureelements` (
  `id` int(11) NOT NULL AUTO_INCREMENT,
  `structureId` int(11) NOT NULL,
  `elementId` int(11) DEFAULT NULL,
  `root` int(11) unsigned DEFAULT NULL,
  `lft` int(11) unsigned NOT NULL,
  `rgt` int(11) unsigned NOT NULL,
  `level` smallint(6) unsigned NOT NULL,
  `dateCreated` datetime NOT NULL,
  `dateUpdated` datetime NOT NULL,
  `uid` char(36) COLLATE utf8_unicode_ci NOT NULL DEFAULT '0',
  PRIMARY KEY (`id`),
  UNIQUE KEY `craft_structureelements_structureId_elementId_unq_idx` (`structureId`,`elementId`),
  KEY `craft_structureelements_root_idx` (`root`),
  KEY `craft_structureelements_lft_idx` (`lft`),
  KEY `craft_structureelements_rgt_idx` (`rgt`),
  KEY `craft_structureelements_level_idx` (`level`),
  KEY `craft_structureelements_elementId_fk` (`elementId`)
) ENGINE=InnoDB DEFAULT CHARSET=utf8 COLLATE=utf8_unicode_ci;

DROP TABLE IF EXISTS `craft_structures`;


--
-- Schema for table `craft_structures`
--
CREATE TABLE `craft_structures` (
  `id` int(11) NOT NULL AUTO_INCREMENT,
  `maxLevels` smallint(6) unsigned DEFAULT NULL,
  `dateCreated` datetime NOT NULL,
  `dateUpdated` datetime NOT NULL,
  `uid` char(36) COLLATE utf8_unicode_ci NOT NULL DEFAULT '0',
  PRIMARY KEY (`id`)
) ENGINE=InnoDB DEFAULT CHARSET=utf8 COLLATE=utf8_unicode_ci;

DROP TABLE IF EXISTS `craft_systemsettings`;


--
-- Schema for table `craft_systemsettings`
--
CREATE TABLE `craft_systemsettings` (
  `id` int(11) NOT NULL AUTO_INCREMENT,
  `category` varchar(15) COLLATE utf8_unicode_ci NOT NULL,
  `settings` text COLLATE utf8_unicode_ci,
  `dateCreated` datetime NOT NULL,
  `dateUpdated` datetime NOT NULL,
  `uid` char(36) COLLATE utf8_unicode_ci NOT NULL DEFAULT '0',
  PRIMARY KEY (`id`),
  UNIQUE KEY `craft_systemsettings_category_unq_idx` (`category`)
) ENGINE=InnoDB AUTO_INCREMENT=2 DEFAULT CHARSET=utf8 COLLATE=utf8_unicode_ci;

--
-- Data for table `craft_systemsettings`
--

INSERT INTO `craft_systemsettings` (`id`, `category`, `settings`, `dateCreated`, `dateUpdated`, `uid`) VALUES ('1', 'email', '{\"protocol\":\"php\",\"emailAddress\":\"quixoticduck@gmail.com\",\"senderName\":\"Liz Dean\"}', '2015-06-23 19:12:51', '2015-06-23 19:12:51', '4c6eadcb-d808-4216-b14e-55da617382d3');



DROP TABLE IF EXISTS `craft_taggroups`;


--
-- Schema for table `craft_taggroups`
--
CREATE TABLE `craft_taggroups` (
  `id` int(11) NOT NULL AUTO_INCREMENT,
  `name` varchar(255) COLLATE utf8_unicode_ci NOT NULL,
  `handle` varchar(255) COLLATE utf8_unicode_ci NOT NULL,
  `fieldLayoutId` int(10) DEFAULT NULL,
  `dateCreated` datetime NOT NULL,
  `dateUpdated` datetime NOT NULL,
  `uid` char(36) COLLATE utf8_unicode_ci NOT NULL DEFAULT '0',
  PRIMARY KEY (`id`),
  UNIQUE KEY `craft_taggroups_name_unq_idx` (`name`),
  UNIQUE KEY `craft_taggroups_handle_unq_idx` (`handle`),
  KEY `craft_taggroups_fieldLayoutId_fk` (`fieldLayoutId`)
) ENGINE=InnoDB AUTO_INCREMENT=2 DEFAULT CHARSET=utf8 COLLATE=utf8_unicode_ci;

--
-- Data for table `craft_taggroups`
--

INSERT INTO `craft_taggroups` (`id`, `name`, `handle`, `fieldLayoutId`, `dateCreated`, `dateUpdated`, `uid`) VALUES ('1', 'Default', 'default', '1', '2015-06-23 19:12:51', '2015-06-23 19:12:51', 'f6888511-7cef-4fa0-9d26-b56dc12c5398');



DROP TABLE IF EXISTS `craft_tags`;


--
-- Schema for table `craft_tags`
--
CREATE TABLE `craft_tags` (
  `id` int(11) NOT NULL,
  `groupId` int(11) NOT NULL,
  `dateCreated` datetime NOT NULL,
  `dateUpdated` datetime NOT NULL,
  `uid` char(36) COLLATE utf8_unicode_ci NOT NULL DEFAULT '0',
  PRIMARY KEY (`id`),
  KEY `craft_tags_groupId_fk` (`groupId`)
) ENGINE=InnoDB DEFAULT CHARSET=utf8 COLLATE=utf8_unicode_ci;

--
-- Data for table `craft_tags`
--

INSERT INTO `craft_tags` (`id`, `groupId`, `dateCreated`, `dateUpdated`, `uid`) VALUES ('32', '1', '2015-12-09 02:22:51', '2015-12-09 02:22:51', 'e8a688c0-66a1-47b7-a26d-015ca46d6934');
INSERT INTO `craft_tags` (`id`, `groupId`, `dateCreated`, `dateUpdated`, `uid`) VALUES ('33', '1', '2015-12-09 02:22:59', '2015-12-09 02:22:59', '6447eee6-bc5b-44c2-be78-4633293e5da8');
INSERT INTO `craft_tags` (`id`, `groupId`, `dateCreated`, `dateUpdated`, `uid`) VALUES ('34', '1', '2015-12-09 02:23:05', '2015-12-09 02:23:05', '9e88faf6-8574-42d0-bbfc-bddfc26db64f');
INSERT INTO `craft_tags` (`id`, `groupId`, `dateCreated`, `dateUpdated`, `uid`) VALUES ('35', '1', '2015-12-09 02:23:12', '2015-12-09 02:23:12', 'abed5e21-7ab2-461b-acda-cc4943a3836d');
INSERT INTO `craft_tags` (`id`, `groupId`, `dateCreated`, `dateUpdated`, `uid`) VALUES ('36', '1', '2015-12-09 02:23:20', '2015-12-09 02:23:20', '54e89647-19e9-49d7-acda-56f8f3ae78a7');



DROP TABLE IF EXISTS `craft_tasks`;


--
-- Schema for table `craft_tasks`
--
CREATE TABLE `craft_tasks` (
  `id` int(11) NOT NULL AUTO_INCREMENT,
  `root` int(11) unsigned DEFAULT NULL,
  `lft` int(11) unsigned NOT NULL,
  `rgt` int(11) unsigned NOT NULL,
  `level` smallint(6) unsigned NOT NULL,
  `currentStep` int(11) unsigned DEFAULT NULL,
  `totalSteps` int(11) unsigned DEFAULT NULL,
  `status` enum('pending','error','running') COLLATE utf8_unicode_ci DEFAULT NULL,
  `type` varchar(150) COLLATE utf8_unicode_ci NOT NULL,
  `description` varchar(255) COLLATE utf8_unicode_ci DEFAULT NULL,
  `settings` text COLLATE utf8_unicode_ci,
  `dateCreated` datetime NOT NULL,
  `dateUpdated` datetime NOT NULL,
  `uid` char(36) COLLATE utf8_unicode_ci NOT NULL DEFAULT '0',
  PRIMARY KEY (`id`),
  KEY `craft_tasks_root_idx` (`root`),
  KEY `craft_tasks_lft_idx` (`lft`),
  KEY `craft_tasks_rgt_idx` (`rgt`),
  KEY `craft_tasks_level_idx` (`level`)
) ENGINE=InnoDB DEFAULT CHARSET=utf8 COLLATE=utf8_unicode_ci;

DROP TABLE IF EXISTS `craft_templatecachecriteria`;


--
-- Schema for table `craft_templatecachecriteria`
--
CREATE TABLE `craft_templatecachecriteria` (
  `id` int(11) NOT NULL AUTO_INCREMENT,
  `cacheId` int(11) NOT NULL,
  `type` varchar(150) COLLATE utf8_unicode_ci NOT NULL,
  `criteria` text COLLATE utf8_unicode_ci NOT NULL,
  PRIMARY KEY (`id`),
  KEY `craft_templatecachecriteria_cacheId_fk` (`cacheId`),
  KEY `craft_templatecachecriteria_type_idx` (`type`)
) ENGINE=InnoDB DEFAULT CHARSET=utf8 COLLATE=utf8_unicode_ci;

DROP TABLE IF EXISTS `craft_templatecacheelements`;


--
-- Schema for table `craft_templatecacheelements`
--
CREATE TABLE `craft_templatecacheelements` (
  `cacheId` int(11) NOT NULL,
  `elementId` int(11) NOT NULL,
  KEY `craft_templatecacheelements_cacheId_fk` (`cacheId`),
  KEY `craft_templatecacheelements_elementId_fk` (`elementId`)
) ENGINE=InnoDB DEFAULT CHARSET=utf8 COLLATE=utf8_unicode_ci;

DROP TABLE IF EXISTS `craft_templatecaches`;


--
-- Schema for table `craft_templatecaches`
--
CREATE TABLE `craft_templatecaches` (
  `id` int(11) NOT NULL AUTO_INCREMENT,
  `cacheKey` varchar(255) COLLATE utf8_unicode_ci NOT NULL,
  `locale` char(12) COLLATE utf8_unicode_ci NOT NULL,
  `path` varchar(255) COLLATE utf8_unicode_ci DEFAULT NULL,
  `expiryDate` datetime NOT NULL,
  `body` mediumtext COLLATE utf8_unicode_ci NOT NULL,
  PRIMARY KEY (`id`),
  KEY `craft_templatecaches_expiryDate_cacheKey_locale_path_idx` (`expiryDate`,`cacheKey`,`locale`,`path`),
  KEY `craft_templatecaches_locale_fk` (`locale`)
) ENGINE=InnoDB DEFAULT CHARSET=utf8 COLLATE=utf8_unicode_ci;

DROP TABLE IF EXISTS `craft_tokens`;


--
-- Schema for table `craft_tokens`
--
CREATE TABLE `craft_tokens` (
  `id` int(11) NOT NULL AUTO_INCREMENT,
  `token` char(32) COLLATE utf8_unicode_ci NOT NULL,
  `route` text COLLATE utf8_unicode_ci,
  `usageLimit` tinyint(3) unsigned DEFAULT NULL,
  `usageCount` tinyint(3) unsigned DEFAULT NULL,
  `expiryDate` datetime NOT NULL,
  `dateCreated` datetime NOT NULL,
  `dateUpdated` datetime NOT NULL,
  `uid` char(36) COLLATE utf8_unicode_ci NOT NULL DEFAULT '0',
  PRIMARY KEY (`id`),
  UNIQUE KEY `craft_tokens_token_unq_idx` (`token`),
  KEY `craft_tokens_expiryDate_idx` (`expiryDate`)
) ENGINE=InnoDB DEFAULT CHARSET=utf8 COLLATE=utf8_unicode_ci;

DROP TABLE IF EXISTS `craft_usergroups`;


--
-- Schema for table `craft_usergroups`
--
CREATE TABLE `craft_usergroups` (
  `id` int(11) NOT NULL AUTO_INCREMENT,
  `name` varchar(255) COLLATE utf8_unicode_ci NOT NULL,
  `handle` varchar(255) COLLATE utf8_unicode_ci NOT NULL,
  `dateCreated` datetime NOT NULL,
  `dateUpdated` datetime NOT NULL,
  `uid` char(36) COLLATE utf8_unicode_ci NOT NULL DEFAULT '0',
  PRIMARY KEY (`id`)
) ENGINE=InnoDB DEFAULT CHARSET=utf8 COLLATE=utf8_unicode_ci;

DROP TABLE IF EXISTS `craft_usergroups_users`;


--
-- Schema for table `craft_usergroups_users`
--
CREATE TABLE `craft_usergroups_users` (
  `id` int(11) NOT NULL AUTO_INCREMENT,
  `groupId` int(11) NOT NULL,
  `userId` int(11) NOT NULL,
  `dateCreated` datetime NOT NULL,
  `dateUpdated` datetime NOT NULL,
  `uid` char(36) COLLATE utf8_unicode_ci NOT NULL DEFAULT '0',
  PRIMARY KEY (`id`),
  UNIQUE KEY `craft_usergroups_users_groupId_userId_unq_idx` (`groupId`,`userId`),
  KEY `craft_usergroups_users_userId_fk` (`userId`)
) ENGINE=InnoDB DEFAULT CHARSET=utf8 COLLATE=utf8_unicode_ci;

DROP TABLE IF EXISTS `craft_userpermissions`;


--
-- Schema for table `craft_userpermissions`
--
CREATE TABLE `craft_userpermissions` (
  `id` int(11) NOT NULL AUTO_INCREMENT,
  `name` varchar(255) COLLATE utf8_unicode_ci NOT NULL,
  `dateCreated` datetime NOT NULL,
  `dateUpdated` datetime NOT NULL,
  `uid` char(36) COLLATE utf8_unicode_ci NOT NULL DEFAULT '0',
  PRIMARY KEY (`id`),
  UNIQUE KEY `craft_userpermissions_name_unq_idx` (`name`)
) ENGINE=InnoDB DEFAULT CHARSET=utf8 COLLATE=utf8_unicode_ci;

DROP TABLE IF EXISTS `craft_userpermissions_usergroups`;


--
-- Schema for table `craft_userpermissions_usergroups`
--
CREATE TABLE `craft_userpermissions_usergroups` (
  `id` int(11) NOT NULL AUTO_INCREMENT,
  `permissionId` int(11) NOT NULL,
  `groupId` int(11) NOT NULL,
  `dateCreated` datetime NOT NULL,
  `dateUpdated` datetime NOT NULL,
  `uid` char(36) COLLATE utf8_unicode_ci NOT NULL DEFAULT '0',
  PRIMARY KEY (`id`),
  UNIQUE KEY `craft_userpermissions_usergroups_permissionId_groupId_unq_idx` (`permissionId`,`groupId`),
  KEY `craft_userpermissions_usergroups_groupId_fk` (`groupId`)
) ENGINE=InnoDB DEFAULT CHARSET=utf8 COLLATE=utf8_unicode_ci;

DROP TABLE IF EXISTS `craft_userpermissions_users`;


--
-- Schema for table `craft_userpermissions_users`
--
CREATE TABLE `craft_userpermissions_users` (
  `id` int(11) NOT NULL AUTO_INCREMENT,
  `permissionId` int(11) NOT NULL,
  `userId` int(11) NOT NULL,
  `dateCreated` datetime NOT NULL,
  `dateUpdated` datetime NOT NULL,
  `uid` char(36) COLLATE utf8_unicode_ci NOT NULL DEFAULT '0',
  PRIMARY KEY (`id`),
  UNIQUE KEY `craft_userpermissions_users_permissionId_userId_unq_idx` (`permissionId`,`userId`),
  KEY `craft_userpermissions_users_userId_fk` (`userId`)
) ENGINE=InnoDB DEFAULT CHARSET=utf8 COLLATE=utf8_unicode_ci;

DROP TABLE IF EXISTS `craft_users`;


--
-- Schema for table `craft_users`
--
CREATE TABLE `craft_users` (
  `id` int(11) NOT NULL,
  `username` varchar(100) COLLATE utf8_unicode_ci NOT NULL,
  `photo` varchar(100) COLLATE utf8_unicode_ci DEFAULT NULL,
  `firstName` varchar(100) COLLATE utf8_unicode_ci DEFAULT NULL,
  `lastName` varchar(100) COLLATE utf8_unicode_ci DEFAULT NULL,
  `email` varchar(255) COLLATE utf8_unicode_ci NOT NULL,
  `password` char(255) COLLATE utf8_unicode_ci DEFAULT NULL,
  `preferredLocale` char(12) COLLATE utf8_unicode_ci DEFAULT NULL,
  `weekStartDay` tinyint(1) unsigned NOT NULL DEFAULT '0',
  `admin` tinyint(1) unsigned NOT NULL DEFAULT '0',
  `client` tinyint(1) unsigned NOT NULL DEFAULT '0',
  `locked` tinyint(1) unsigned NOT NULL DEFAULT '0',
  `suspended` tinyint(1) unsigned NOT NULL DEFAULT '0',
  `pending` tinyint(1) unsigned NOT NULL DEFAULT '0',
  `archived` tinyint(1) unsigned NOT NULL DEFAULT '0',
  `lastLoginDate` datetime DEFAULT NULL,
  `lastLoginAttemptIPAddress` varchar(45) COLLATE utf8_unicode_ci DEFAULT NULL,
  `invalidLoginWindowStart` datetime DEFAULT NULL,
  `invalidLoginCount` tinyint(4) unsigned DEFAULT NULL,
  `lastInvalidLoginDate` datetime DEFAULT NULL,
  `lockoutDate` datetime DEFAULT NULL,
  `verificationCode` char(100) COLLATE utf8_unicode_ci DEFAULT NULL,
  `verificationCodeIssuedDate` datetime DEFAULT NULL,
  `unverifiedEmail` varchar(255) COLLATE utf8_unicode_ci DEFAULT NULL,
  `passwordResetRequired` tinyint(1) unsigned NOT NULL DEFAULT '0',
  `lastPasswordChangeDate` datetime DEFAULT NULL,
  `dateCreated` datetime NOT NULL,
  `dateUpdated` datetime NOT NULL,
  `uid` char(36) COLLATE utf8_unicode_ci NOT NULL DEFAULT '0',
  PRIMARY KEY (`id`),
  UNIQUE KEY `craft_users_username_unq_idx` (`username`),
  UNIQUE KEY `craft_users_email_unq_idx` (`email`),
  KEY `craft_users_verificationCode_idx` (`verificationCode`),
  KEY `craft_users_uid_idx` (`uid`),
  KEY `craft_users_preferredLocale_fk` (`preferredLocale`)
) ENGINE=InnoDB DEFAULT CHARSET=utf8 COLLATE=utf8_unicode_ci;

--
-- Data for table `craft_users`
--

INSERT INTO `craft_users` (`id`, `username`, `photo`, `firstName`, `lastName`, `email`, `password`, `preferredLocale`, `weekStartDay`, `admin`, `client`, `locked`, `suspended`, `pending`, `archived`, `lastLoginDate`, `lastLoginAttemptIPAddress`, `invalidLoginWindowStart`, `invalidLoginCount`, `lastInvalidLoginDate`, `lockoutDate`, `verificationCode`, `verificationCodeIssuedDate`, `unverifiedEmail`, `passwordResetRequired`, `lastPasswordChangeDate`, `dateCreated`, `dateUpdated`, `uid`) VALUES ('1', 'lizdean', NULL, NULL, NULL, 'quixoticduck@gmail.com', '$2y$13$ga6/bjevdh11jk5YvtaU2.xsxCHhYG4s2uZsJ5CaUkH0o4Zjim7DC', NULL, '0', '1', '0', '0', '0', '0', '0', '2016-02-21 16:25:04', '::1', NULL, NULL, '2016-01-26 19:55:39', NULL, NULL, NULL, NULL, '0', '2015-06-23 19:12:47', '2015-06-23 19:12:47', '2016-02-21 16:25:04', '39b9508a-8de2-4a87-8664-f6c260eba829');



DROP TABLE IF EXISTS `craft_widgets`;


--
-- Schema for table `craft_widgets`
--
CREATE TABLE `craft_widgets` (
  `id` int(11) NOT NULL AUTO_INCREMENT,
  `userId` int(11) NOT NULL,
  `type` varchar(150) COLLATE utf8_unicode_ci NOT NULL,
  `sortOrder` tinyint(4) DEFAULT NULL,
  `settings` text COLLATE utf8_unicode_ci,
  `enabled` tinyint(1) unsigned NOT NULL DEFAULT '1',
  `dateCreated` datetime NOT NULL,
  `dateUpdated` datetime NOT NULL,
  `uid` char(36) COLLATE utf8_unicode_ci NOT NULL DEFAULT '0',
  PRIMARY KEY (`id`),
  KEY `craft_widgets_userId_fk` (`userId`)
) ENGINE=InnoDB AUTO_INCREMENT=5 DEFAULT CHARSET=utf8 COLLATE=utf8_unicode_ci;

--
-- Data for table `craft_widgets`
--

INSERT INTO `craft_widgets` (`id`, `userId`, `type`, `sortOrder`, `settings`, `enabled`, `dateCreated`, `dateUpdated`, `uid`) VALUES ('1', '1', 'RecentEntries', '1', NULL, '1', '2015-06-23 19:12:57', '2015-06-23 19:12:57', '643acc40-710e-4f9b-858e-e92c1cd6cc6c');
INSERT INTO `craft_widgets` (`id`, `userId`, `type`, `sortOrder`, `settings`, `enabled`, `dateCreated`, `dateUpdated`, `uid`) VALUES ('2', '1', 'GetHelp', '2', NULL, '1', '2015-06-23 19:12:57', '2015-06-23 19:12:57', '8fd93d56-c811-4281-86bf-c3f7e137c4c1');
INSERT INTO `craft_widgets` (`id`, `userId`, `type`, `sortOrder`, `settings`, `enabled`, `dateCreated`, `dateUpdated`, `uid`) VALUES ('3', '1', 'Updates', '3', NULL, '1', '2015-06-23 19:12:57', '2015-06-23 19:12:57', 'cbfed744-6531-4d6d-8b17-0fa6340f395a');
INSERT INTO `craft_widgets` (`id`, `userId`, `type`, `sortOrder`, `settings`, `enabled`, `dateCreated`, `dateUpdated`, `uid`) VALUES ('4', '1', 'Feed', '4', '{\"url\":\"http:\\/\\/feeds.feedburner.com\\/blogandtonic\",\"title\":\"Blog & Tonic\"}', '1', '2015-06-23 19:12:57', '2015-06-23 19:12:57', '9730809f-9fc1-44e1-b7b1-9a39d54affb1');


--
-- Constraints for tables
--


--
-- Constraints for table `craft_assetfiles`
--
ALTER TABLE `craft_assetfiles`
	ADD CONSTRAINT `craft_assetfiles_folderId_fk` FOREIGN KEY (`folderId`) REFERENCES `craft_assetfolders` (`id`) ON DELETE CASCADE,
	ADD CONSTRAINT `craft_assetfiles_id_fk` FOREIGN KEY (`id`) REFERENCES `craft_elements` (`id`) ON DELETE CASCADE,
	ADD CONSTRAINT `craft_assetfiles_sourceId_fk` FOREIGN KEY (`sourceId`) REFERENCES `craft_assetsources` (`id`) ON DELETE CASCADE;

--
-- Constraints for table `craft_assetfolders`
--
ALTER TABLE `craft_assetfolders`
	ADD CONSTRAINT `craft_assetfolders_parentId_fk` FOREIGN KEY (`parentId`) REFERENCES `craft_assetfolders` (`id`) ON DELETE CASCADE,
	ADD CONSTRAINT `craft_assetfolders_sourceId_fk` FOREIGN KEY (`sourceId`) REFERENCES `craft_assetsources` (`id`) ON DELETE CASCADE;

--
-- Constraints for table `craft_assetindexdata`
--
ALTER TABLE `craft_assetindexdata`
	ADD CONSTRAINT `craft_assetindexdata_sourceId_fk` FOREIGN KEY (`sourceId`) REFERENCES `craft_assetsources` (`id`) ON DELETE CASCADE;

--
-- Constraints for table `craft_assetsources`
--
ALTER TABLE `craft_assetsources`
	ADD CONSTRAINT `craft_assetsources_fieldLayoutId_fk` FOREIGN KEY (`fieldLayoutId`) REFERENCES `craft_fieldlayouts` (`id`) ON DELETE SET NULL;

--
-- Constraints for table `craft_categories`
--
ALTER TABLE `craft_categories`
	ADD CONSTRAINT `craft_categories_groupId_fk` FOREIGN KEY (`groupId`) REFERENCES `craft_categorygroups` (`id`) ON DELETE CASCADE,
	ADD CONSTRAINT `craft_categories_id_fk` FOREIGN KEY (`id`) REFERENCES `craft_elements` (`id`) ON DELETE CASCADE;

--
-- Constraints for table `craft_categorygroups`
--
ALTER TABLE `craft_categorygroups`
	ADD CONSTRAINT `craft_categorygroups_fieldLayoutId_fk` FOREIGN KEY (`fieldLayoutId`) REFERENCES `craft_fieldlayouts` (`id`) ON DELETE SET NULL,
	ADD CONSTRAINT `craft_categorygroups_structureId_fk` FOREIGN KEY (`structureId`) REFERENCES `craft_structures` (`id`) ON DELETE CASCADE;

--
-- Constraints for table `craft_categorygroups_i18n`
--
ALTER TABLE `craft_categorygroups_i18n`
	ADD CONSTRAINT `craft_categorygroups_i18n_groupId_fk` FOREIGN KEY (`groupId`) REFERENCES `craft_categorygroups` (`id`) ON DELETE CASCADE,
	ADD CONSTRAINT `craft_categorygroups_i18n_locale_fk` FOREIGN KEY (`locale`) REFERENCES `craft_locales` (`locale`) ON DELETE CASCADE ON UPDATE CASCADE;

--
-- Constraints for table `craft_content`
--
ALTER TABLE `craft_content`
	ADD CONSTRAINT `craft_content_elementId_fk` FOREIGN KEY (`elementId`) REFERENCES `craft_elements` (`id`) ON DELETE CASCADE,
	ADD CONSTRAINT `craft_content_locale_fk` FOREIGN KEY (`locale`) REFERENCES `craft_locales` (`locale`) ON DELETE CASCADE ON UPDATE CASCADE;

--
-- Constraints for table `craft_elements_i18n`
--
ALTER TABLE `craft_elements_i18n`
	ADD CONSTRAINT `craft_elements_i18n_elementId_fk` FOREIGN KEY (`elementId`) REFERENCES `craft_elements` (`id`) ON DELETE CASCADE,
	ADD CONSTRAINT `craft_elements_i18n_locale_fk` FOREIGN KEY (`locale`) REFERENCES `craft_locales` (`locale`) ON DELETE CASCADE ON UPDATE CASCADE;

--
-- Constraints for table `craft_emailmessages`
--
ALTER TABLE `craft_emailmessages`
	ADD CONSTRAINT `craft_emailmessages_locale_fk` FOREIGN KEY (`locale`) REFERENCES `craft_locales` (`locale`) ON DELETE CASCADE ON UPDATE CASCADE;

--
-- Constraints for table `craft_entries`
--
ALTER TABLE `craft_entries`
	ADD CONSTRAINT `craft_entries_authorId_fk` FOREIGN KEY (`authorId`) REFERENCES `craft_users` (`id`) ON DELETE CASCADE,
	ADD CONSTRAINT `craft_entries_id_fk` FOREIGN KEY (`id`) REFERENCES `craft_elements` (`id`) ON DELETE CASCADE,
	ADD CONSTRAINT `craft_entries_sectionId_fk` FOREIGN KEY (`sectionId`) REFERENCES `craft_sections` (`id`) ON DELETE CASCADE,
	ADD CONSTRAINT `craft_entries_typeId_fk` FOREIGN KEY (`typeId`) REFERENCES `craft_entrytypes` (`id`) ON DELETE CASCADE;

--
-- Constraints for table `craft_entrydrafts`
--
ALTER TABLE `craft_entrydrafts`
	ADD CONSTRAINT `craft_entrydrafts_creatorId_fk` FOREIGN KEY (`creatorId`) REFERENCES `craft_users` (`id`) ON DELETE CASCADE,
	ADD CONSTRAINT `craft_entrydrafts_entryId_fk` FOREIGN KEY (`entryId`) REFERENCES `craft_entries` (`id`) ON DELETE CASCADE,
	ADD CONSTRAINT `craft_entrydrafts_locale_fk` FOREIGN KEY (`locale`) REFERENCES `craft_locales` (`locale`) ON DELETE CASCADE ON UPDATE CASCADE,
	ADD CONSTRAINT `craft_entrydrafts_sectionId_fk` FOREIGN KEY (`sectionId`) REFERENCES `craft_sections` (`id`) ON DELETE CASCADE;

--
-- Constraints for table `craft_entrytypes`
--
ALTER TABLE `craft_entrytypes`
	ADD CONSTRAINT `craft_entrytypes_fieldLayoutId_fk` FOREIGN KEY (`fieldLayoutId`) REFERENCES `craft_fieldlayouts` (`id`) ON DELETE SET NULL,
	ADD CONSTRAINT `craft_entrytypes_sectionId_fk` FOREIGN KEY (`sectionId`) REFERENCES `craft_sections` (`id`) ON DELETE CASCADE;

--
-- Constraints for table `craft_entryversions`
--
ALTER TABLE `craft_entryversions`
	ADD CONSTRAINT `craft_entryversions_creatorId_fk` FOREIGN KEY (`creatorId`) REFERENCES `craft_users` (`id`) ON DELETE SET NULL,
	ADD CONSTRAINT `craft_entryversions_entryId_fk` FOREIGN KEY (`entryId`) REFERENCES `craft_entries` (`id`) ON DELETE CASCADE,
	ADD CONSTRAINT `craft_entryversions_locale_fk` FOREIGN KEY (`locale`) REFERENCES `craft_locales` (`locale`) ON DELETE CASCADE ON UPDATE CASCADE,
	ADD CONSTRAINT `craft_entryversions_sectionId_fk` FOREIGN KEY (`sectionId`) REFERENCES `craft_sections` (`id`) ON DELETE CASCADE;

--
-- Constraints for table `craft_fieldlayoutfields`
--
ALTER TABLE `craft_fieldlayoutfields`
	ADD CONSTRAINT `craft_fieldlayoutfields_fieldId_fk` FOREIGN KEY (`fieldId`) REFERENCES `craft_fields` (`id`) ON DELETE CASCADE,
	ADD CONSTRAINT `craft_fieldlayoutfields_layoutId_fk` FOREIGN KEY (`layoutId`) REFERENCES `craft_fieldlayouts` (`id`) ON DELETE CASCADE,
	ADD CONSTRAINT `craft_fieldlayoutfields_tabId_fk` FOREIGN KEY (`tabId`) REFERENCES `craft_fieldlayouttabs` (`id`) ON DELETE CASCADE;

--
-- Constraints for table `craft_fieldlayouttabs`
--
ALTER TABLE `craft_fieldlayouttabs`
	ADD CONSTRAINT `craft_fieldlayouttabs_layoutId_fk` FOREIGN KEY (`layoutId`) REFERENCES `craft_fieldlayouts` (`id`) ON DELETE CASCADE;

--
-- Constraints for table `craft_fields`
--
ALTER TABLE `craft_fields`
	ADD CONSTRAINT `craft_fields_groupId_fk` FOREIGN KEY (`groupId`) REFERENCES `craft_fieldgroups` (`id`) ON DELETE CASCADE;

--
-- Constraints for table `craft_globalsets`
--
ALTER TABLE `craft_globalsets`
	ADD CONSTRAINT `craft_globalsets_fieldLayoutId_fk` FOREIGN KEY (`fieldLayoutId`) REFERENCES `craft_fieldlayouts` (`id`) ON DELETE SET NULL,
	ADD CONSTRAINT `craft_globalsets_id_fk` FOREIGN KEY (`id`) REFERENCES `craft_elements` (`id`) ON DELETE CASCADE;

--
-- Constraints for table `craft_matrixblocks`
--
ALTER TABLE `craft_matrixblocks`
	ADD CONSTRAINT `craft_matrixblocks_fieldId_fk` FOREIGN KEY (`fieldId`) REFERENCES `craft_fields` (`id`) ON DELETE CASCADE,
	ADD CONSTRAINT `craft_matrixblocks_id_fk` FOREIGN KEY (`id`) REFERENCES `craft_elements` (`id`) ON DELETE CASCADE,
	ADD CONSTRAINT `craft_matrixblocks_ownerId_fk` FOREIGN KEY (`ownerId`) REFERENCES `craft_elements` (`id`) ON DELETE CASCADE,
	ADD CONSTRAINT `craft_matrixblocks_ownerLocale_fk` FOREIGN KEY (`ownerLocale`) REFERENCES `craft_locales` (`locale`) ON DELETE CASCADE ON UPDATE CASCADE,
	ADD CONSTRAINT `craft_matrixblocks_typeId_fk` FOREIGN KEY (`typeId`) REFERENCES `craft_matrixblocktypes` (`id`) ON DELETE CASCADE;

--
-- Constraints for table `craft_matrixblocktypes`
--
ALTER TABLE `craft_matrixblocktypes`
	ADD CONSTRAINT `craft_matrixblocktypes_fieldId_fk` FOREIGN KEY (`fieldId`) REFERENCES `craft_fields` (`id`) ON DELETE CASCADE,
	ADD CONSTRAINT `craft_matrixblocktypes_fieldLayoutId_fk` FOREIGN KEY (`fieldLayoutId`) REFERENCES `craft_fieldlayouts` (`id`) ON DELETE SET NULL;

--
-- Constraints for table `craft_matrixcontent_channel`
--
ALTER TABLE `craft_matrixcontent_channel`
	ADD CONSTRAINT `craft_matrixcontent_channel_elementId_fk` FOREIGN KEY (`elementId`) REFERENCES `craft_elements` (`id`) ON DELETE CASCADE,
	ADD CONSTRAINT `craft_matrixcontent_channel_locale_fk` FOREIGN KEY (`locale`) REFERENCES `craft_locales` (`locale`) ON DELETE CASCADE ON UPDATE CASCADE;

--
-- Constraints for table `craft_matrixcontent_myblock`
--
ALTER TABLE `craft_matrixcontent_myblock`
	ADD CONSTRAINT `craft_matrixcontent_myblock_elementId_fk` FOREIGN KEY (`elementId`) REFERENCES `craft_elements` (`id`) ON DELETE CASCADE,
	ADD CONSTRAINT `craft_matrixcontent_myblock_locale_fk` FOREIGN KEY (`locale`) REFERENCES `craft_locales` (`locale`) ON DELETE CASCADE ON UPDATE CASCADE;

--
-- Constraints for table `craft_migrations`
--
ALTER TABLE `craft_migrations`
	ADD CONSTRAINT `craft_migrations_pluginId_fk` FOREIGN KEY (`pluginId`) REFERENCES `craft_plugins` (`id`) ON DELETE CASCADE;

--
-- Constraints for table `craft_relations`
--
ALTER TABLE `craft_relations`
	ADD CONSTRAINT `craft_relations_fieldId_fk` FOREIGN KEY (`fieldId`) REFERENCES `craft_fields` (`id`) ON DELETE CASCADE,
	ADD CONSTRAINT `craft_relations_sourceId_fk` FOREIGN KEY (`sourceId`) REFERENCES `craft_elements` (`id`) ON DELETE CASCADE,
	ADD CONSTRAINT `craft_relations_sourceLocale_fk` FOREIGN KEY (`sourceLocale`) REFERENCES `craft_locales` (`locale`) ON DELETE CASCADE ON UPDATE CASCADE,
	ADD CONSTRAINT `craft_relations_targetId_fk` FOREIGN KEY (`targetId`) REFERENCES `craft_elements` (`id`) ON DELETE CASCADE;

--
-- Constraints for table `craft_routes`
--
ALTER TABLE `craft_routes`
	ADD CONSTRAINT `craft_routes_locale_fk` FOREIGN KEY (`locale`) REFERENCES `craft_locales` (`locale`) ON DELETE CASCADE ON UPDATE CASCADE;

--
-- Constraints for table `craft_sections`
--
ALTER TABLE `craft_sections`
	ADD CONSTRAINT `craft_sections_structureId_fk` FOREIGN KEY (`structureId`) REFERENCES `craft_structures` (`id`) ON DELETE SET NULL;

--
-- Constraints for table `craft_sections_i18n`
--
ALTER TABLE `craft_sections_i18n`
	ADD CONSTRAINT `craft_sections_i18n_locale_fk` FOREIGN KEY (`locale`) REFERENCES `craft_locales` (`locale`) ON DELETE CASCADE ON UPDATE CASCADE,
	ADD CONSTRAINT `craft_sections_i18n_sectionId_fk` FOREIGN KEY (`sectionId`) REFERENCES `craft_sections` (`id`) ON DELETE CASCADE;

--
-- Constraints for table `craft_sessions`
--
ALTER TABLE `craft_sessions`
	ADD CONSTRAINT `craft_sessions_userId_fk` FOREIGN KEY (`userId`) REFERENCES `craft_users` (`id`) ON DELETE CASCADE;

--
-- Constraints for table `craft_shunnedmessages`
--
ALTER TABLE `craft_shunnedmessages`
	ADD CONSTRAINT `craft_shunnedmessages_userId_fk` FOREIGN KEY (`userId`) REFERENCES `craft_users` (`id`) ON DELETE CASCADE;

--
-- Constraints for table `craft_structureelements`
--
ALTER TABLE `craft_structureelements`
	ADD CONSTRAINT `craft_structureelements_elementId_fk` FOREIGN KEY (`elementId`) REFERENCES `craft_elements` (`id`) ON DELETE CASCADE,
	ADD CONSTRAINT `craft_structureelements_structureId_fk` FOREIGN KEY (`structureId`) REFERENCES `craft_structures` (`id`) ON DELETE CASCADE;

--
-- Constraints for table `craft_taggroups`
--
ALTER TABLE `craft_taggroups`
	ADD CONSTRAINT `craft_taggroups_fieldLayoutId_fk` FOREIGN KEY (`fieldLayoutId`) REFERENCES `craft_fieldlayouts` (`id`) ON DELETE SET NULL;

--
-- Constraints for table `craft_tags`
--
ALTER TABLE `craft_tags`
	ADD CONSTRAINT `craft_tags_groupId_fk` FOREIGN KEY (`groupId`) REFERENCES `craft_taggroups` (`id`) ON DELETE CASCADE,
	ADD CONSTRAINT `craft_tags_id_fk` FOREIGN KEY (`id`) REFERENCES `craft_elements` (`id`) ON DELETE CASCADE;

--
-- Constraints for table `craft_templatecachecriteria`
--
ALTER TABLE `craft_templatecachecriteria`
	ADD CONSTRAINT `craft_templatecachecriteria_cacheId_fk` FOREIGN KEY (`cacheId`) REFERENCES `craft_templatecaches` (`id`) ON DELETE CASCADE;

--
-- Constraints for table `craft_templatecacheelements`
--
ALTER TABLE `craft_templatecacheelements`
	ADD CONSTRAINT `craft_templatecacheelements_cacheId_fk` FOREIGN KEY (`cacheId`) REFERENCES `craft_templatecaches` (`id`) ON DELETE CASCADE,
	ADD CONSTRAINT `craft_templatecacheelements_elementId_fk` FOREIGN KEY (`elementId`) REFERENCES `craft_elements` (`id`) ON DELETE CASCADE;

--
-- Constraints for table `craft_templatecaches`
--
ALTER TABLE `craft_templatecaches`
	ADD CONSTRAINT `craft_templatecaches_locale_fk` FOREIGN KEY (`locale`) REFERENCES `craft_locales` (`locale`) ON DELETE CASCADE ON UPDATE CASCADE;

--
-- Constraints for table `craft_usergroups_users`
--
ALTER TABLE `craft_usergroups_users`
	ADD CONSTRAINT `craft_usergroups_users_groupId_fk` FOREIGN KEY (`groupId`) REFERENCES `craft_usergroups` (`id`) ON DELETE CASCADE,
	ADD CONSTRAINT `craft_usergroups_users_userId_fk` FOREIGN KEY (`userId`) REFERENCES `craft_users` (`id`) ON DELETE CASCADE;

--
-- Constraints for table `craft_userpermissions_usergroups`
--
ALTER TABLE `craft_userpermissions_usergroups`
	ADD CONSTRAINT `craft_userpermissions_usergroups_groupId_fk` FOREIGN KEY (`groupId`) REFERENCES `craft_usergroups` (`id`) ON DELETE CASCADE,
	ADD CONSTRAINT `craft_userpermissions_usergroups_permissionId_fk` FOREIGN KEY (`permissionId`) REFERENCES `craft_userpermissions` (`id`) ON DELETE CASCADE;

--
-- Constraints for table `craft_userpermissions_users`
--
ALTER TABLE `craft_userpermissions_users`
	ADD CONSTRAINT `craft_userpermissions_users_permissionId_fk` FOREIGN KEY (`permissionId`) REFERENCES `craft_userpermissions` (`id`) ON DELETE CASCADE,
	ADD CONSTRAINT `craft_userpermissions_users_userId_fk` FOREIGN KEY (`userId`) REFERENCES `craft_users` (`id`) ON DELETE CASCADE;

--
-- Constraints for table `craft_users`
--
ALTER TABLE `craft_users`
	ADD CONSTRAINT `craft_users_id_fk` FOREIGN KEY (`id`) REFERENCES `craft_elements` (`id`) ON DELETE CASCADE,
	ADD CONSTRAINT `craft_users_preferredLocale_fk` FOREIGN KEY (`preferredLocale`) REFERENCES `craft_locales` (`locale`) ON DELETE SET NULL ON UPDATE CASCADE;

--
-- Constraints for table `craft_widgets`
--
ALTER TABLE `craft_widgets`
	ADD CONSTRAINT `craft_widgets_userId_fk` FOREIGN KEY (`userId`) REFERENCES `craft_users` (`id`) ON DELETE CASCADE;

SET FOREIGN_KEY_CHECKS = 1;
